-- phpMyAdmin SQL Dump
-- version 4.7.9
-- https://www.phpmyadmin.net/
--
-- Host: 127.0.0.1
-- Generation Time: 2020-09-14 11:26:26
-- 服务器版本： 10.1.31-MariaDB
-- PHP Version: 7.2.3

SET SQL_MODE = "NO_AUTO_VALUE_ON_ZERO";
SET AUTOCOMMIT = 0;
START TRANSACTION;
SET time_zone = "+00:00";


/*!40101 SET @OLD_CHARACTER_SET_CLIENT=@@CHARACTER_SET_CLIENT */;
/*!40101 SET @OLD_CHARACTER_SET_RESULTS=@@CHARACTER_SET_RESULTS */;
/*!40101 SET @OLD_COLLATION_CONNECTION=@@COLLATION_CONNECTION */;
/*!40101 SET NAMES utf8mb4 */;

--
-- Database: `edu`
--
CREATE DATABASE IF NOT EXISTS `edu` DEFAULT CHARACTER SET utf8 COLLATE utf8_general_ci;
USE `edu`;

-- --------------------------------------------------------

--
-- 表的结构 `class_info`
--

CREATE TABLE `class_info` (
  `id` int(3) NOT NULL,
  `class` varchar(15) CHARACTER SET utf8 COLLATE utf8_general_mysql500_ci NOT NULL
) ENGINE=InnoDB DEFAULT CHARSET=utf8;

--
-- 转存表中的数据 `class_info`
--

INSERT INTO `class_info` (`id`, `class`) VALUES
(0, '未选班'),
(1, '高一（1）班'),
(2, '高一（2）班'),
(3, '高一（3）班'),
(4, '高一（4）班'),
(5, '高一（5）班'),
(6, '高一（6）班'),
(7, '高一（7）班'),
(8, '高一（8）班'),
(9, '高一（9）班'),
(10, '高一（10）班'),
(11, '高一（11）班'),
(12, '高一（12）班'),
(13, '高一（13）班'),
(14, '高一（14）班'),
(15, '高一（15）班'),
(16, '高一（16）班'),
(17, '高一（17）班'),
(18, '高一（18）班'),
(19, '高一（19）班'),
(20, '高一（20）班'),
(21, '高一（21）班'),
(22, '高一（22）班'),
(23, '高一（23）班'),
(24, '高一（24）班'),
(25, '高一（25）班'),
(26, '高一（26）班'),
(27, '高一（27）班'),
(28, '高一（28）班'),
(29, '高一（29）班'),
(30, '高一（30）班'),
(31, '高二（1）班'),
(32, '高二（2）班'),
(33, '高二（3）班'),
(34, '高二（4）班'),
(35, '高二（5）班'),
(36, '高二（6）班'),
(37, '高二（7）班'),
(38, '高二（8）班'),
(39, '高二（9）班'),
(40, '高二（10）班'),
(41, '高二（11）班'),
(42, '高二（12）班'),
(43, '高二（13）班'),
(44, '高二（14）班'),
(45, '高二（15）班'),
(46, '高二（16）班'),
(47, '高二（17）班'),
(48, '高二（18）班'),
(49, '高二（19）班'),
(50, '高二（20）班'),
(51, '高二（21）班'),
(52, '高二（22）班'),
(53, '高二（23）班'),
(54, '高二（24）班'),
(55, '高二（25）班'),
(56, '高二（26）班'),
(57, '高二（27）班'),
(58, '高二（28）班'),
(59, '高二（29）班'),
(60, '高二（30）班'),
(61, '高三（1）班'),
(62, '高三（2）班'),
(63, '高三（3）班'),
(64, '高三（4）班'),
(65, '高三（5）班'),
(66, '高三（6）班'),
(67, '高三（7）班'),
(68, '高三（8）班'),
(69, '高三（9）班'),
(70, '高三（10）班'),
(71, '高三（11）班'),
(72, '高三（12）班'),
(73, '高三（13）班'),
(74, '高三（14）班'),
(75, '高三（15）班'),
(76, '高三（16）班'),
(77, '高三（17）班'),
(78, '高三（18）班'),
(79, '高三（19）班'),
(80, '高三（20）班'),
(81, '高三（21）班'),
(82, '高三（22）班'),
(83, '高三（23）班'),
(84, '高三（24）班'),
(85, '高三（25）班'),
(86, '高三（26）班'),
(87, '高三（27）班'),
(88, '高三（28）班'),
(89, '高三（29）班'),
(90, '高三（30）班'),
(91, '初一（1）班'),
(92, '初一（2）班'),
(93, '初一（3）班'),
(94, '初一（4）班'),
(95, '初一（5）班'),
(96, '初一（6）班'),
(97, '初一（7）班'),
(98, '初一（8）班'),
(99, '初一（9）班'),
(100, '初一（10）班'),
(101, '初一（11）班'),
(102, '初一（12）班'),
(103, '初一（13）班'),
(104, '初二（1）班'),
(105, '初二（2）班'),
(106, '初二（3）班'),
(107, '初二（4）班'),
(108, '初二（5）班'),
(109, '初二（6）班'),
(110, '初二（7）班'),
(111, '初二（8）班'),
(112, '初二（9）班'),
(113, '初二（10）班'),
(114, '初二（11）班'),
(115, '初二（12）班'),
(116, '初三（1）班'),
(117, '初三（2）班'),
(118, '初三（3）班'),
(119, '初三（4）班'),
(120, '初三（5）班'),
(121, '初三（6）班'),
(122, '初三（7）班'),
(123, '初三（8）班'),
(124, '初三（9）班'),
(125, '初三（10）班');

-- --------------------------------------------------------

--
-- 表的结构 `course`
--

CREATE TABLE `course` (
  `id` int(10) NOT NULL COMMENT 'id',
  `title` varchar(20) NOT NULL COMMENT '课程题目',
  `img` varchar(50) NOT NULL COMMENT '课程图片路径',
  `width` int(6) NOT NULL COMMENT '图片宽',
  `height` int(6) NOT NULL COMMENT '图片高',
  `introduction` text NOT NULL COMMENT '课程介绍',
  `teacher_id` int(6) NOT NULL COMMENT '教师id',
  `teacher_name` varchar(16) NOT NULL COMMENT '教师名字',
  `teacher_pic` varchar(50) NOT NULL COMMENT '教师头像',
  `lesson_num` int(5) NOT NULL DEFAULT '0' COMMENT '课程数',
  `create_time` timestamp NOT NULL DEFAULT CURRENT_TIMESTAMP COMMENT '课程创建时间'
) ENGINE=InnoDB DEFAULT CHARSET=utf8 COMMENT='教师课程';

--
-- 转存表中的数据 `course`
--

INSERT INTO `course` (`id`, `title`, `img`, `width`, `height`, `introduction`, `teacher_id`, `teacher_name`, `teacher_pic`, `lesson_num`, `create_time`) VALUES
(1, '测试课程', '../../../upload/coursePic/78fly.jpg', 586, 352, '这是一节测试课', 2, '教师', '../static/images/pic02.png', 2, '2020-08-04 01:34:45'),
(10, '张东升的课程', '../../../upload/coursePic/榄中校徽.png', 913, 909, '课程内容', 780, '张东升', '../static/images/pic01.png', 0, '2020-08-10 07:42:09'),
(11, '123', '../../../upload/coursePic/42logo.png', 135, 37, '', 780, '张东升', '../static/images/pic01.png', 0, '2020-08-10 08:07:39');

-- --------------------------------------------------------

--
-- 表的结构 `exam`
--

CREATE TABLE `exam` (
  `id` int(11) NOT NULL COMMENT '题目id',
  `type` varchar(50) NOT NULL COMMENT '题目类型',
  `question` varchar(6000) NOT NULL COMMENT '题目',
  `a` varchar(200) NOT NULL COMMENT '选项A',
  `b` varchar(200) NOT NULL COMMENT '选项B',
  `c` varchar(200) NOT NULL COMMENT '选项C',
  `d` varchar(200) NOT NULL COMMENT '选项D',
  `answer` varchar(1) NOT NULL COMMENT '答案',
  `create_time` timestamp NOT NULL DEFAULT CURRENT_TIMESTAMP COMMENT '创建时间'
) ENGINE=InnoDB DEFAULT CHARSET=utf8;

--
-- 转存表中的数据 `exam`
--

INSERT INTO `exam` (`id`, `type`, `question`, `a`, `b`, `c`, `d`, `answer`, `create_time`) VALUES
(2, '1', '你喜欢信息技术这门学科吗（）？', '很喜欢', '比较喜欢', '一般', '不喜欢', '', '2020-08-12 16:12:18'),
(7, '1', '你认为你学习信息技术课有用吗？', '没有必要，学习内容过于简单。', '没有必要，信息技术课是副科。', '无所谓。', '有必要，信息技术课可以学到很多东西，是适应时代发展的需求', '', '2020-08-13 07:51:46'),
(8, '1', '你认为在信息技术课上能学到很多的东西吗？', '有很大的收获', '有一些收获，但不是很大', '不清楚', '没有收获', '', '2020-08-13 07:51:46'),
(9, '1', '以往，在平时的信息技术课堂学习中参与情况如何？', '主动参与', '一般比较主动，偶尔被动', '主动少被动多', '不太参与', '', '2020-08-13 07:51:46'),
(10, '1', '以往老师讲解演示时你能做到认真听讲并适当做一些记录吗？', '一直如此', '基本做到，偶尔开小差', '经常开小差', '很少听', '', '2020-08-13 07:51:46'),
(11, '1', '当老师让你参考教材或借助学习软件进行自主学习时，你的学习效果好吗？', '很好', '比较好', '一般', '不好', '', '2020-08-13 07:51:46'),
(12, '1', '你愿意与其他同学交流学习情况，合作完成老师布置的学习任务吗？', '愿意', '都可以', '不愿意', '视情况而定', '', '2020-08-13 07:51:46'),
(13, '1', '你对今后学好信息技术课是否有信心？', '非常有信心', '比较有信心', '一般', '没有信心', '', '2020-08-13 07:51:46'),
(14, '2', '在我的电脑中窗中，使用（）查看方式可以直接看到图片的内容。', '缩略图', '平铺', '图标', '详细资料', 'A', '2020-08-13 14:59:13'),
(15, '2', '目前，利用搜索引擎搜索信息最基本的方法是（）', '分类', '关键词', '目录', '索引', 'D', '2020-08-18 07:55:16'),
(16, '2', '关于剪贴板，下列说法错误的是（）', '只能存放文本信息，不能存放图形、声音信息', '它具有实现对象的移动、复制等功能', '它是用来传递信息的临时存储区', '剪贴板上内容在未改变之前保持不变', 'A', '2020-08-18 07:55:16'),
(17, '2', '在同一磁盘的两个文件夹间移动选定的文件，除可用鼠标直接拖曳实现外，还可以使用的方法是（）', '先“复制”后“粘贴”', '先“移动”后“粘贴”', '先“删除”后“粘贴”', '先“剪切”后“粘贴”', 'D', '2020-08-18 07:55:16'),
(18, '2', '要输入数字键“”上面的“”号，必须先按住，再按住此数字键（）', 'Ctrl', 'Shift', 'Esc', 'Alt', 'B', '2020-08-18 07:55:16'),
(19, '2', '世界上第一台计算机诞生于年。', '1945', '1946', '1947', '1936', 'B', '2020-08-18 07:55:16'),
(20, '2', '作为一种高速、精确的信息处理机器，计算机具有人与他机器无法比拟的诸多特点，下面叙述正确的是（）', '计算机可以高速、精确地处理信息，但不能存储信息', '计算机可以对信息进行数值运算，但不能进行逻辑运算', '计算机可以在程序控制下自动进行信息处理，但不能完全取代人脑进行思考', '计算机只能处理文字和数字，但不能处理声音和图像', 'C', '2020-08-18 07:55:16'),
(21, '2', '下列计算机设备中，属于输出设备的是（）', '显示器', '扫描仪', '键盘', '话筒', 'A', '2020-08-18 07:55:16'),
(22, '2', '对文本框描述正确的是（）', '文本框的文字排列不分横竖', '文本框的大小不能改变', '文本框的边框可以根据需要进行设置', '文本框内的文字大小不能改变', 'C', '2020-08-18 07:55:16'),
(23, '2', '在删改文档或文件后，如果后悔了，尝试用（）可以还原恢复', '复制', '撤销', '回收站还原', '粘贴', 'C', '2020-08-18 07:55:16');

-- --------------------------------------------------------

--
-- 表的结构 `exam_type`
--

CREATE TABLE `exam_type` (
  `id` int(10) NOT NULL COMMENT '题目类型id',
  `exam_sort` varchar(50) NOT NULL COMMENT '题目类型',
  `exam_type` varchar(500) NOT NULL COMMENT '试题类型'
) ENGINE=InnoDB DEFAULT CHARSET=utf8;

--
-- 转存表中的数据 `exam_type`
--

INSERT INTO `exam_type` (`id`, `exam_sort`, `exam_type`) VALUES
(1, '学生对信息技术课的态度问卷', '问卷'),
(2, '开学小测验', '试题');

-- --------------------------------------------------------

--
-- 表的结构 `lesson`
--

CREATE TABLE `lesson` (
  `id` int(10) NOT NULL COMMENT '课时id',
  `course_id` int(10) NOT NULL COMMENT '对应的课程id',
  `title` varchar(30) NOT NULL COMMENT '课时名称',
  `fenceng` int(1) NOT NULL COMMENT '1分层教学；0不分层教学',
  `goal_a` varchar(500) NOT NULL COMMENT '目标A',
  `content_a` text NOT NULL COMMENT '内容A',
  `task_a` varchar(500) NOT NULL COMMENT '任务A',
  `goal_b` varchar(500) NOT NULL COMMENT '目标B',
  `content_b` text NOT NULL COMMENT '内容B',
  `task_b` varchar(500) NOT NULL COMMENT '任务B',
  `goal_c` varchar(500) NOT NULL COMMENT '目标C',
  `content_c` text NOT NULL COMMENT '内容C',
  `task_c` varchar(500) NOT NULL COMMENT '任务C',
  `create_time` timestamp NOT NULL DEFAULT CURRENT_TIMESTAMP COMMENT '创建时间'
) ENGINE=InnoDB DEFAULT CHARSET=utf8;

--
-- 转存表中的数据 `lesson`
--

INSERT INTO `lesson` (`id`, `course_id`, `title`, `fenceng`, `goal_a`, `content_a`, `task_a`, `goal_b`, `content_b`, `task_b`, `goal_c`, `content_c`, `task_c`, `create_time`) VALUES
(11, 2, '213123', 1, '', '', '', '', '', '', '', '', '', '2020-08-05 11:50:16'),
(12, 2, '213', 1, 'a', '<h2>12askjdklasdas1</h2><p>asdamsdmnlaksd</p><p><br></p>', '', '阿萨德', '<p><br></p>', '', '6751', '<p>当从其他网页复制文本内容粘贴到编辑器中，编辑器会默认过滤掉复制文本中自带的样式，目的是让粘贴后的文本变得更加简洁和轻量。用户可通过<code>editor.customConfig.pasteFilterStyle = false</code>手动关闭掉粘贴样式的过滤。</p>', '', '2020-08-05 12:01:52'),
(13, 1, '感受数据管理技术的应用', 1, '认识数据、数据管理、数据管理技术的概念。\n通过实例调查，了解数据库在多媒体和网络方面的应用方法于应用价值，能描述数据库应用系统信息资源管理中的应用。\n了解数据管理技术的产生发展历史，了解数据管理技术在各个阶段的应用与影响。\n激发学习数据管理技术的兴趣，体现信息技术的文化内涵。', '<p><span style=\"background-color: rgb(249, 150, 59); color: rgb(238, 236, 224);\">&nbsp; &nbsp; &nbsp;数据、数据管理、数据管理技术的概念。</span></p><p><span style=\"background-color: rgb(249, 150, 59); color: rgb(238, 236, 224);\"><span style=\"font-weight: bold;\">&nbsp;&nbsp;&nbsp;&nbsp;&nbsp;通过实例调查，了解数据库在多媒体和网络方面的应用方法于应用价值，能描述数据库应</span>用系统信息资源管理中的应用。</span></p><p><br></p>', '1、提交一个文件', '在《信息技术基础》中，学生已经学习了信息资源管理的相关只是。学生对与信息资源管理的方法、各种方法的特点、数据库应用系统管理数据的优势、数据库的一些基本概念都有了一个初步的感性认识。\n在人之发展方面，学生的逻辑思维和抽象思维能力都有较大的进步，起归纳和总结能力也有了一定程度上的发展。', '<p><span style=\"background-color: rgb(77, 128, 191); color: rgb(238, 236, 224);\">&nbsp; &nbsp; &nbsp;数据、数据管理、数据管理技术的概念。</span></p><p><span style=\"background-color: rgb(77, 128, 191); color: rgb(238, 236, 224);\">&nbsp;&nbsp;&nbsp;&nbsp;&nbsp;通过实例调查，了解数据库在多媒体和网络方面的应用方法于应用价值，能描述数据库应用系统信息资源管理中的应用。</span></p><p><br></p>', '', '认识数据、数据管理、数据管理技术的概念。\n通过实例调查，了解数据库在多媒体和网络方面的应用方法于应用价值，能描述数据库应用系统信息资源管理中的应用。\n了解数据管理技术的产生发展历史，了解数据管理技术在各个阶段的应用与影响。\n激发学习数据管理技术的兴趣，体现信息技术的文化内涵。', '<p>认识数据、数据管理、数据管理技术的概念。<br>通过实例调查，了解数据库在多媒体和网络方面的应用方法于应用价值，能描述数据库应用系统信息资源管理中的应用。<br>了解数据管理技术的产生发展历史，了解数据管理技术在各个阶段的应用与影响。<br>激发学习数据管理技术的兴趣，体现信息技术的文化内涵。</p><p><br></p>', '', '2020-08-05 13:39:55'),
(17, 1, '不分层', 0, '123123', '<p><span style=\"font-weight: bold;\">阿萨德</span></p><p><br></p>', '123', '', '<p><br></p>', '', '', '<p><br></p>', '', '2020-08-05 14:15:28');

-- --------------------------------------------------------

--
-- 表的结构 `lesson_exam`
--

CREATE TABLE `lesson_exam` (
  `id` int(11) NOT NULL COMMENT 'id',
  `lesson_id` int(10) NOT NULL COMMENT '-1：前测问卷；-2为前测试题',
  `exam_id` int(11) NOT NULL COMMENT '前测问卷id'
) ENGINE=InnoDB DEFAULT CHARSET=utf8 COMMENT='前测问卷';

--
-- 转存表中的数据 `lesson_exam`
--

INSERT INTO `lesson_exam` (`id`, `lesson_id`, `exam_id`) VALUES
(63, -1, 12),
(64, -1, 13),
(65, -1, 2),
(66, -1, 7),
(67, -1, 8),
(68, -1, 9),
(69, -1, 10),
(70, -1, 11),
(71, -2, 14),
(72, -2, 15),
(73, -2, 16),
(74, -2, 17),
(75, -2, 18),
(76, -2, 19),
(77, -2, 20),
(78, -2, 21),
(79, -2, 22),
(80, -2, 23);

-- --------------------------------------------------------

--
-- 表的结构 `lesson_resource`
--

CREATE TABLE `lesson_resource` (
  `id` int(10) NOT NULL COMMENT '课程资源id',
  `lesson_id` int(10) NOT NULL COMMENT '对应课程id',
  `title` varchar(50) NOT NULL COMMENT '资源名称',
  `src` varchar(500) NOT NULL COMMENT '路径'
) ENGINE=InnoDB DEFAULT CHARSET=utf8;

-- --------------------------------------------------------

--
-- 表的结构 `modules`
--

CREATE TABLE `modules` (
  `id` int(3) NOT NULL,
  `ip-bind` int(1) NOT NULL DEFAULT '0' COMMENT 'ip-绑定功能'
) ENGINE=InnoDB DEFAULT CHARSET=utf8;

--
-- 转存表中的数据 `modules`
--

INSERT INTO `modules` (`id`, `ip-bind`) VALUES
(1, 1);

-- --------------------------------------------------------

--
-- 表的结构 `notice`
--

CREATE TABLE `notice` (
  `id` int(6) NOT NULL COMMENT '公告id',
  `teacher_id` int(6) NOT NULL COMMENT '教师id',
  `teacher` varchar(20) NOT NULL COMMENT '教师名字',
  `content` varchar(6000) NOT NULL COMMENT '内容',
  `create_time` timestamp NOT NULL DEFAULT CURRENT_TIMESTAMP COMMENT '创建时间'
) ENGINE=InnoDB DEFAULT CHARSET=utf8;

--
-- 转存表中的数据 `notice`
--

INSERT INTO `notice` (`id`, `teacher_id`, `teacher`, `content`, `create_time`) VALUES
(9, 2, '教师', '<p><i style=\"\">欢迎大家使用</i></p><p><i style=\"color: rgb(194, 79, 74);\">过程性评价分层教学平台！</i></p><p><br></p>', '2020-08-10 14:41:46');

-- --------------------------------------------------------

--
-- 表的结构 `pre_exam_proportion`
--

CREATE TABLE `pre_exam_proportion` (
  `id` int(100) NOT NULL COMMENT '前测调查问卷比重设置',
  `exam_id` int(11) NOT NULL,
  `proportion_a` varchar(1) NOT NULL,
  `proportion_b` varchar(1) NOT NULL,
  `proportion_c` varchar(1) NOT NULL,
  `proportion_d` varchar(1) NOT NULL
) ENGINE=InnoDB DEFAULT CHARSET=utf8;

--
-- 转存表中的数据 `pre_exam_proportion`
--

INSERT INTO `pre_exam_proportion` (`id`, `exam_id`, `proportion_a`, `proportion_b`, `proportion_c`, `proportion_d`) VALUES
(9, 2, '4', '3', '2', '1'),
(10, 7, '1', '2', '3', '4'),
(11, 8, '4', '3', '2', '1'),
(12, 9, '4', '3', '2', '1'),
(13, 10, '4', '3', '2', '1'),
(14, 11, '4', '3', '2', '1'),
(15, 12, '4', '3', '2', '1'),
(16, 13, '4', '3', '2', '1');

-- --------------------------------------------------------

--
-- 表的结构 `student_exam`
--

CREATE TABLE `student_exam` (
  `id` int(20) NOT NULL COMMENT '学生答卷数据表id',
  `student_id` int(6) NOT NULL COMMENT '学生id',
  `student_name` varchar(20) NOT NULL COMMENT '学生姓名',
  `class_id` int(3) NOT NULL COMMENT '班级id',
  `lesson_id` int(10) NOT NULL COMMENT '课时id',
  `answer` varchar(5000) NOT NULL COMMENT '答案',
  `time` timestamp NOT NULL DEFAULT CURRENT_TIMESTAMP COMMENT '答卷时间'
) ENGINE=InnoDB DEFAULT CHARSET=utf8 COMMENT='学生答卷数据表';

--
-- 转存表中的数据 `student_exam`
--

INSERT INTO `student_exam` (`id`, `student_id`, `student_name`, `class_id`, `lesson_id`, `answer`, `time`) VALUES
(8, 9, '陈永权', 1, -1, '{\"2\":\"B\",\"7\":\"D\",\"8\":\"B\",\"9\":\"A\",\"10\":\"B\",\"11\":\"B\",\"12\":\"B\",\"13\":\"A\"}', '2020-09-01 13:53:22'),
(9, 9, '陈永权', 1, -2, '{\"14\":\"A\",\"15\":\"B\",\"16\":\"A\",\"17\":\"A\",\"18\":\"B\",\"19\":\"A\",\"20\":\"B\",\"21\":\"A\",\"22\":\"A\",\"23\":\"B\"}', '2020-09-01 13:53:45'),
(10, 4, '测试学生', 1, -1, '{\"2\":\"C\",\"7\":\"A\",\"8\":\"B\",\"9\":\"B\",\"10\":\"B\",\"11\":\"B\",\"12\":\"A\",\"13\":\"A\"}', '2020-09-01 14:24:57'),
(11, 4, '测试学生', 1, -2, '{\"14\":\"D\",\"15\":\"C\",\"16\":\"A\",\"17\":\"A\",\"18\":\"B\",\"19\":\"B\",\"20\":\"A\",\"21\":\"A\",\"22\":\"B\",\"23\":\"B\"}', '2020-09-01 14:25:10'),
(12, 5, '蔡俊毅', 1, -1, '{\"2\":\"C\",\"7\":\"C\",\"8\":\"B\",\"9\":\"B\",\"10\":\"B\",\"11\":\"B\",\"12\":\"B\",\"13\":\"B\"}', '2020-09-14 07:56:30'),
(13, 5, '蔡俊毅', 1, -2, '{\"14\":\"A\",\"15\":\"A\",\"16\":\"A\",\"17\":\"A\",\"18\":\"A\",\"19\":\"B\",\"20\":\"C\",\"21\":\"A\",\"22\":\"D\",\"23\":\"A\"}', '2020-09-14 07:56:55'),
(14, 11, '陈正坤', 1, -1, '{\"2\":\"D\",\"7\":\"B\",\"8\":\"B\",\"9\":\"B\",\"10\":\"B\",\"11\":\"A\",\"12\":\"A\",\"13\":\"A\"}', '2020-09-14 07:58:59'),
(15, 11, '陈正坤', 1, -2, '{\"14\":\"D\",\"15\":\"C\",\"16\":\"A\",\"17\":\"A\",\"18\":\"B\",\"19\":\"B\",\"20\":\"C\",\"21\":\"A\",\"22\":\"D\",\"23\":\"B\"}', '2020-09-14 07:59:09'),
(16, 6, '陈佳燃', 1, -1, '{\"2\":\"B\",\"7\":\"B\",\"8\":\"B\",\"9\":\"B\",\"10\":\"B\",\"11\":\"B\",\"12\":\"B\",\"13\":\"C\"}', '2020-09-14 08:00:33'),
(17, 6, '陈佳燃', 1, -2, '{\"14\":\"B\",\"15\":\"B\",\"16\":\"A\",\"17\":\"B\",\"18\":\"C\",\"19\":\"C\",\"20\":\"B\",\"21\":\"C\",\"22\":\"B\",\"23\":\"C\"}', '2020-09-14 08:00:51'),
(18, 7, '陈淑恩', 1, -1, '{\"2\":\"C\",\"7\":\"A\",\"8\":\"B\",\"9\":\"B\",\"10\":\"B\",\"11\":\"C\",\"12\":\"B\",\"13\":\"B\"}', '2020-09-14 08:01:51'),
(19, 7, '陈淑恩', 1, -2, '{\"14\":\"C\",\"15\":\"B\",\"16\":\"A\",\"17\":\"B\",\"18\":\"C\",\"19\":\"C\",\"20\":\"D\",\"21\":\"C\",\"22\":\"B\",\"23\":\"C\"}', '2020-09-14 08:02:07'),
(20, 8, '陈伟福', 1, -1, '{\"2\":\"A\",\"7\":\"D\",\"8\":\"A\",\"9\":\"A\",\"10\":\"A\",\"11\":\"A\",\"12\":\"A\",\"13\":\"B\"}', '2020-09-14 08:02:58'),
(21, 8, '陈伟福', 1, -2, '{\"14\":\"A\",\"15\":\"B\",\"16\":\"C\",\"17\":\"A\",\"18\":\"B\",\"19\":\"B\",\"20\":\"C\",\"21\":\"A\",\"22\":\"C\",\"23\":\"B\"}', '2020-09-14 08:03:27'),
(22, 10, '陈钊杰', 1, -1, '{\"2\":\"D\",\"7\":\"D\",\"8\":\"A\",\"9\":\"A\",\"10\":\"B\",\"11\":\"B\",\"12\":\"A\",\"13\":\"B\"}', '2020-09-14 08:31:12'),
(23, 10, '陈钊杰', 1, -2, '{\"14\":\"D\",\"15\":\"C\",\"16\":\"A\",\"17\":\"A\",\"18\":\"B\",\"19\":\"B\",\"20\":\"A\",\"21\":\"B\",\"22\":\"A\",\"23\":\"B\"}', '2020-09-14 08:31:23');

-- --------------------------------------------------------

--
-- 表的结构 `student_info`
--

CREATE TABLE `student_info` (
  `id` int(6) NOT NULL COMMENT '学生id',
  `name` varchar(16) NOT NULL COMMENT '姓名',
  `sex` varchar(1) NOT NULL COMMENT '性别',
  `class` varchar(15) NOT NULL COMMENT '班级',
  `ip_config` varchar(15) NOT NULL,
  `score` varchar(5) NOT NULL COMMENT '积分',
  `grade` varchar(2) NOT NULL DEFAULT 'C' COMMENT '等级'
) ENGINE=InnoDB DEFAULT CHARSET=utf8;

--
-- 转存表中的数据 `student_info`
--

INSERT INTO `student_info` (`id`, `name`, `sex`, `class`, `ip_config`, `score`, `grade`) VALUES
(4, '测试学生', '女', '1', '', '51.56', 'B'),
(5, '蔡俊毅', '男', '1', '', '56.56', 'B'),
(6, '陈佳燃', '男', '1', '192.168.5.101', '34.62', 'C'),
(7, '陈淑恩', '女', '1', '192.168.5.101', '32.75', 'C'),
(8, '陈伟福', '男', '1', '192.168.5.101', '71.06', 'A'),
(9, '陈永权', '男', '1', '', '58.31', 'A'),
(10, '陈钊杰', '男', '1', '', '45.37', 'C'),
(11, '陈正坤', '男', '2', '', '57.5', 'C'),
(12, '陈卓伟', '', '1', '', '', 'C'),
(13, '程远君', '', '0', '', '', 'C'),
(14, '邓玉宜', '', '0', '', '', 'C'),
(15, '龚可为', '', '0', '', '', 'C'),
(16, '何家鸿', '', '0', '', '', 'C'),
(17, '黄家成', '', '0', '', '', 'C'),
(18, '黄家煜', '', '0', '', '', 'C'),
(19, '黄俊杰1', '', '0', '', '', 'C'),
(20, '黄耀俊', '', '0', '', '', 'C'),
(21, '黄子逸', '', '0', '', '', 'C'),
(22, '金智丞', '', '0', '', '', 'C'),
(23, '劳明', '', '0', '', '', 'C'),
(24, '李荏权', '', '0', '', '', 'C'),
(25, '李奕乐', '', '0', '', '', 'C'),
(26, '李泽林', '', '0', '', '', 'C'),
(27, '李兆伦', '', '0', '', '', 'C'),
(28, '连志扬', '', '0', '', '', 'C'),
(29, '梁城康', '', '0', '', '', 'C'),
(30, '梁健鸿', '', '0', '', '', 'C'),
(31, '梁伟杰', '', '0', '', '', 'C'),
(32, '梁晓琪', '', '0', '', '', 'C'),
(33, '梁长成', '', '0', '', '', 'C'),
(34, '梁芷滢', '', '0', '', '', 'C'),
(35, '刘锦荣', '', '0', '', '', 'C'),
(36, '陆韦钰', '', '0', '', '', 'C'),
(37, '麦允麒', '', '0', '', '', 'C'),
(38, '聂锦坤', '', '0', '', '', 'C'),
(39, '唐苑杰', '', '0', '', '', 'C'),
(40, '陶劲希', '', '0', '', '', 'C'),
(41, '王泓禧', '', '0', '', '', 'C'),
(42, '王金星', '', '0', '', '', 'C'),
(43, '王连杰', '', '0', '', '', 'C'),
(44, '魏小玲', '', '0', '', '', 'C'),
(45, '温仁浩', '', '0', '', '', 'C'),
(46, '吴倪俊', '', '0', '', '', 'C'),
(47, '肖茗月', '', '0', '', '', 'C'),
(48, '谢维朝', '', '0', '', '', 'C'),
(49, '谢壹枫', '', '0', '', '', 'C'),
(50, '徐紫珊', '', '0', '', '', 'C'),
(51, '杨国钊', '', '0', '', '', 'C'),
(52, '杨和键', '', '0', '', '', 'C'),
(53, '游俊坤', '', '0', '', '', 'C'),
(54, '张金荣', '', '0', '', '', 'C'),
(55, '钟浩彬', '', '0', '', '', 'C'),
(56, '周嘉怡', '', '0', '', '', 'C'),
(57, '周世鸿', '', '0', '', '', 'C'),
(58, '朱秋茗', '', '0', '', '', 'C'),
(59, '蔡龙凯', '', '0', '', '', 'C'),
(60, '岑鸿满', '', '0', '', '', 'C'),
(61, '陈仕靖', '', '0', '', '', 'C'),
(62, '陈燕虹', '', '0', '', '', 'C'),
(63, '戴乔逸', '', '0', '', '', 'C'),
(64, '关彩莹', '', '0', '', '', 'C'),
(65, '郭候发', '', '0', '', '', 'C'),
(66, '郭晓楠', '', '0', '', '', 'C'),
(67, '何梓贤', '', '0', '', '', 'C'),
(68, '黄健涛', '', '0', '', '', 'C'),
(69, '黄荣楷', '', '0', '', '', 'C'),
(70, '黄晓萱', '', '0', '', '', 'C'),
(71, '黄耀城', '', '0', '', '', 'C'),
(72, '江浩博', '', '0', '', '', 'C'),
(73, '解晖', '', '0', '', '', 'C'),
(74, '李旭昭', '', '0', '', '', 'C'),
(75, '李泳文', '', '0', '', '', 'C'),
(76, '李智民', '', '0', '', '', 'C'),
(77, '梁昊', '', '0', '', '', 'C'),
(78, '梁荣佳', '', '0', '', '', 'C'),
(79, '梁淑钧', '', '0', '', '', 'C'),
(80, '梁万轩', '', '0', '', '', 'C'),
(81, '廖韵滢', '', '0', '', '', 'C'),
(82, '林清辉', '', '0', '', '', 'C'),
(83, '林晓明', '', '0', '', '', 'C'),
(84, '刘嘉桦', '', '0', '', '', 'C'),
(85, '刘宇杰', '', '0', '', '', 'C'),
(86, '卢璠', '', '0', '', '', 'C'),
(87, '罗铭安', '', '0', '', '', 'C'),
(88, '麦俊康', '', '0', '', '', 'C'),
(89, '蒙志彬', '', '0', '', '', 'C'),
(90, '庞开泰', '', '0', '', '', 'C'),
(91, '屈源海', '', '0', '', '', 'C'),
(92, '邵泳键', '', '0', '', '', 'C'),
(93, '施盈盈', '', '0', '', '', 'C'),
(94, '孙浩南', '', '0', '', '', 'C'),
(95, '孙艺', '', '0', '', '', 'C'),
(96, '谭颖锋', '', '0', '', '', 'C'),
(97, '王博', '', '0', '', '', 'C'),
(98, '王朝贵', '', '0', '', '', 'C'),
(99, '韦凯茵', '', '0', '', '', 'C'),
(100, '温宇键', '', '0', '', '', 'C'),
(101, '邬敏静', '', '0', '', '', 'C'),
(102, '吴俊贤', '', '0', '', '', 'C'),
(103, '吴婉琪', '', '0', '', '', 'C'),
(104, '吴秀虹', '', '0', '', '', 'C'),
(105, '吴智铭', '', '0', '', '', 'C'),
(106, '许嘉琳', '', '0', '', '', 'C'),
(107, '严阳', '', '0', '', '', 'C'),
(108, '叶世烽', '', '0', '', '', 'C'),
(109, '叶婉琪', '', '0', '', '', 'C'),
(110, '张国聪', '', '0', '', '', 'C'),
(111, '张坤荣', '', '0', '', '', 'C'),
(112, '张文秀', '', '0', '', '', 'C'),
(113, '张雪琳', '', '0', '', '', 'C'),
(114, '张扬', '', '0', '', '', 'C'),
(115, '张智棚', '', '0', '', '', 'C'),
(116, '朱丹', '', '0', '', '', 'C'),
(117, '朱景瑞', '', '0', '', '', 'C'),
(118, '曾俊铭', '', '0', '', '', 'C'),
(119, '陈荣豪', '', '0', '', '', 'C'),
(120, '陈时星', '', '0', '', '', 'C'),
(121, '陈思宇', '', '0', '', '', 'C'),
(122, '陈宇', '', '0', '', '', 'C'),
(123, '程富家', '', '0', '', '', 'C'),
(124, '冯梓键', '', '0', '', '', 'C'),
(125, '古小钰', '', '0', '', '', 'C'),
(126, '郭浩武', '', '0', '', '', 'C'),
(127, '何梓华', '', '0', '', '', 'C'),
(128, '黄承贵', '', '0', '', '', 'C'),
(129, '黄浩天', '', '0', '', '', 'C'),
(130, '黄金旺', '', '0', '', '', 'C'),
(131, '黄启茗', '', '0', '', '', 'C'),
(132, '黄倩', '', '0', '', '', 'C'),
(133, '姜泓涛', '', '0', '', '', 'C'),
(134, '蒋健美', '', '0', '', '', 'C'),
(135, '蒋良坤', '', '0', '', '', 'C'),
(136, '孔令政', '', '0', '', '', 'C'),
(137, '李甘', '', '0', '', '', 'C'),
(138, '李杰', '', '0', '', '', 'C'),
(139, '李启业', '', '0', '', '', 'C'),
(140, '李永康', '', '0', '', '', 'C'),
(141, '梁锦治', '', '0', '', '', 'C'),
(142, '梁敬榆', '', '0', '', '', 'C'),
(143, '梁梓豪', '', '0', '', '', 'C'),
(144, '梁紫晴', '', '0', '', '', 'C'),
(145, '廖财颖', '', '0', '', '', 'C'),
(146, '刘嘉俊', '', '0', '', '', 'C'),
(147, '刘鑫', '', '0', '', '', 'C'),
(148, '卢亮', '', '0', '', '', 'C'),
(149, '卢毅', '', '0', '', '', 'C'),
(150, '罗海岚', '', '0', '', '', 'C'),
(151, '罗兰娟', '', '0', '', '', 'C'),
(152, '罗敏婷', '', '0', '', '', 'C'),
(153, '马雪梅', '', '0', '', '', 'C'),
(154, '彭可鑫', '', '0', '', '', 'C'),
(155, '邱晓泉', '', '0', '', '', 'C'),
(156, '司向朋', '', '0', '', '', 'C'),
(157, '汪博', '', '0', '', '', 'C'),
(158, '王锦鸿', '', '0', '', '', 'C'),
(159, '王坤举', '', '0', '', '', 'C'),
(160, '王翼锋', '', '0', '', '', 'C'),
(161, '谢涛涛', '', '0', '', '', 'C'),
(162, '谢晓楠', '', '0', '', '', 'C'),
(163, '叶福威', '', '0', '', '', 'C'),
(164, '余鹏辉', '', '0', '', '', 'C'),
(165, '袁嘉慧', '', '0', '', '', 'C'),
(166, '袁靖华', '', '0', '', '', 'C'),
(167, '张家玮', '', '0', '', '', 'C'),
(168, '张嘉庆', '', '0', '', '', 'C'),
(169, '张荣标', '', '0', '', '', 'C'),
(170, '张睿', '', '0', '', '', 'C'),
(171, '张盛', '', '0', '', '', 'C'),
(172, '郑嘉韵', '', '0', '', '', 'C'),
(173, '郑周行', '', '0', '', '', 'C'),
(174, '朱舒婷', '', '0', '', '', 'C'),
(175, '诸敬和', '', '0', '', '', 'C'),
(176, '蔡丁锦念', '', '0', '', '', 'C'),
(177, '蔡梦霖', '', '0', '', '', 'C'),
(178, '蔡钰玲', '', '0', '', '', 'C'),
(179, '岑辉杨', '', '0', '', '', 'C'),
(180, '陈昊', '', '0', '', '', 'C'),
(181, '陈善怡', '', '0', '', '', 'C'),
(182, '邓永烽', '', '0', '', '', 'C'),
(183, '甘子健', '', '0', '', '', 'C'),
(184, '关颖淇', '', '0', '', '', 'C'),
(185, '侯志林', '', '0', '', '', 'C'),
(186, '黄冠烨', '', '0', '', '', 'C'),
(187, '黄浩然', '', '0', '', '', 'C'),
(188, '黄辉辉', '', '0', '', '', 'C'),
(189, '黄栩生', '', '0', '', '', 'C'),
(190, '李潮定', '', '0', '', '', 'C'),
(191, '李泳坤', '', '0', '', '', 'C'),
(192, '李雨', '', '0', '', '', 'C'),
(193, '梁达成', '', '0', '', '', 'C'),
(194, '梁熳莉', '', '0', '', '', 'C'),
(195, '梁裕汶', '', '0', '', '', 'C'),
(196, '梁梓昊', '', '0', '', '', 'C'),
(197, '林海恩', '', '0', '', '', 'C'),
(198, '林家民', '', '0', '', '', 'C'),
(199, '刘萍2', '', '0', '', '', 'C'),
(200, '刘志成', '', '0', '', '', 'C'),
(201, '卢昕怡', '', '0', '', '', 'C'),
(202, '莫靖蕾', '', '0', '', '', 'C'),
(203, '欧盛华', '', '0', '', '', 'C'),
(204, '邱晓春', '', '0', '', '', 'C'),
(205, '区敬衡', '', '0', '', '', 'C'),
(206, '司徒展豪', '', '0', '', '', 'C'),
(207, '宋嘉毅', '', '0', '', '', 'C'),
(208, '苏乐怡', '', '0', '', '', 'C'),
(209, '谭金慧', '', '0', '', '', 'C'),
(210, '谭兴龙', '', '0', '', '', 'C'),
(211, '唐熙炜', '', '0', '', '', 'C'),
(212, '韦家华', '', '0', '', '', 'C'),
(213, '闻毅', '', '0', '', '', 'C'),
(214, '吴颖诗', '', '0', '', '', 'C'),
(215, '吴云龙', '', '0', '', '', 'C'),
(216, '冼智杰', '', '0', '', '', 'C'),
(217, '谢晗雯', '', '0', '', '', 'C'),
(218, '严海锋', '', '0', '', '', 'C'),
(219, '杨嘉宁', '', '0', '', '', 'C'),
(220, '叶梓毅', '', '0', '', '', 'C'),
(221, '袁文睿', '', '0', '', '', 'C'),
(222, '袁宇钧', '', '0', '', '', 'C'),
(223, '郑润炫', '', '0', '', '', 'C'),
(224, '周凤玲', '', '0', '', '', 'C'),
(225, '赵绮雯', '', '0', '', '', 'C'),
(226, '陈俊', '', '0', '', '', 'C'),
(227, '白铟童', '', '0', '', '', 'C'),
(228, '蔡嘉裕', '', '0', '', '', 'C'),
(229, '陈凤仪', '', '0', '', '', 'C'),
(230, '陈港轩', '', '0', '', '', 'C'),
(231, '陈军宏', '', '0', '', '', 'C'),
(232, '陈镁瑶', '', '0', '', '', 'C'),
(233, '陈晓潼', '', '0', '', '', 'C'),
(234, '邓翔升', '', '0', '', '', 'C'),
(235, '范宇文', '', '0', '', '', 'C'),
(236, '方铟彤', '', '0', '', '', 'C'),
(237, '龚锦涛', '', '0', '', '', 'C'),
(238, '龚文德', '', '0', '', '', 'C'),
(239, '何臻亮', '', '0', '', '', 'C'),
(240, '胡瑞', '', '0', '', '', 'C'),
(241, '黄丽华', '', '0', '', '', 'C'),
(242, '黄琳琳', '', '0', '', '', 'C'),
(243, '黄淑盈', '', '0', '', '', 'C'),
(244, '黄莹', '', '0', '', '', 'C'),
(245, '黄子健', '', '0', '', '', 'C'),
(246, '蓝英林', '', '0', '', '', 'C'),
(247, '李柏伟', '', '0', '', '', 'C'),
(248, '李恒进', '', '0', '', '', 'C'),
(249, '李佳林', '', '0', '', '', 'C'),
(250, '李胜', '', '0', '', '', 'C'),
(251, '李先鹏', '', '0', '', '', 'C'),
(252, '李小倩', '', '0', '', '', 'C'),
(253, '梁家绰', '', '0', '', '', 'C'),
(254, '梁君', '', '0', '', '', 'C'),
(255, '梁俊杰', '', '0', '', '', 'C'),
(256, '梁梓然', '', '0', '', '', 'C'),
(257, '林炜臻', '', '0', '', '', 'C'),
(258, '林智康', '', '0', '', '', 'C'),
(259, '卢铭铭', '', '0', '', '', 'C'),
(260, '罗祖玲', '', '0', '', '', 'C'),
(261, '麦绮莹', '', '0', '', '', 'C'),
(262, '欧志斌', '', '0', '', '', 'C'),
(263, '彭佳', '', '0', '', '', 'C'),
(264, '彭杰晖', '', '0', '', '', 'C'),
(265, '区文杰', '', '0', '', '', 'C'),
(266, '温彤彤', '', '0', '', '', 'C'),
(267, '萧家雄', '', '0', '', '', 'C'),
(268, '谢汶坤', '', '0', '', '', 'C'),
(269, '徐月', '', '0', '', '', 'C'),
(270, '杨家权', '', '0', '', '', 'C'),
(271, '杨钰才', '', '0', '', '', 'C'),
(272, '杨镇旭', '', '0', '', '', 'C'),
(273, '叶韬', '', '0', '', '', 'C'),
(274, '张豪', '', '0', '', '', 'C'),
(275, '郑骏杰', '', '0', '', '', 'C'),
(276, '郑煜翔', '', '0', '', '', 'C'),
(277, '卓倩莹', '', '0', '', '', 'C'),
(278, '陈思霖', '', '0', '', '', 'C'),
(279, '陈伟贤', '', '0', '', '', 'C'),
(280, '成林明', '', '0', '', '', 'C'),
(281, '戴铭锐', '', '0', '', '', 'C'),
(282, '冯磊', '', '0', '', '', 'C'),
(283, '甘俊锐', '', '0', '', '', 'C'),
(284, '关家贝', '', '0', '', '', 'C'),
(285, '郭钰恒', '', '0', '', '', 'C'),
(286, '黄婵娟', '', '0', '', '', 'C'),
(287, '黄楚霞', '', '0', '', '', 'C'),
(288, '黄琦', '', '0', '', '', 'C'),
(289, '吉淳熙', '', '0', '', '', 'C'),
(290, '雷燕', '', '0', '', '', 'C'),
(291, '李想', '', '0', '', '', 'C'),
(292, '李玉荣', '', '0', '', '', 'C'),
(293, '梁石伟', '', '0', '', '', 'C'),
(294, '梁天恩', '', '0', '', '', 'C'),
(295, '林隽怡', '', '0', '', '', 'C'),
(296, '刘思颖', '', '0', '', '', 'C'),
(297, '卢焯华', '', '0', '', '', 'C'),
(298, '罗绮琪', '', '0', '', '', 'C'),
(299, '麦锦婷', '', '0', '', '', 'C'),
(300, '缪莹镁', '', '0', '', '', 'C'),
(301, '莫祥超', '', '0', '', '', 'C'),
(302, '欧嘉进', '', '0', '', '', 'C'),
(303, '区育玮', '', '0', '', '', 'C'),
(304, '沈芳婷', '', '0', '', '', 'C'),
(305, '苏伟才', '', '0', '', '', 'C'),
(306, '谭乐乐', '', '0', '', '', 'C'),
(307, '谭锐楷', '', '0', '', '', 'C'),
(308, '王亚堃', '', '0', '', '', 'C'),
(309, '王增威', '', '0', '', '', 'C'),
(310, '吴佳晓', '', '0', '', '', 'C'),
(311, '吴嘉豪', '', '0', '', '', 'C'),
(312, '伍磊磊', '', '0', '', '', 'C'),
(313, '谢增庆', '', '0', '', '', 'C'),
(314, '徐婕', '', '0', '', '', 'C'),
(315, '叶李可', '', '0', '', '', 'C'),
(316, '叶绮晴', '', '0', '', '', 'C'),
(317, '叶铨', '', '0', '', '', 'C'),
(318, '叶梓洋1', '', '0', '', '', 'C'),
(319, '殷茵', '', '0', '', '', 'C'),
(320, '张群锋', '', '0', '', '', 'C'),
(321, '张荣欣', '', '0', '', '', 'C'),
(322, '张世豪', '', '0', '', '', 'C'),
(323, '张仕盛', '', '0', '', '', 'C'),
(324, '郑蔚岚', '', '0', '', '', 'C'),
(325, '钟航', '', '0', '', '', 'C'),
(326, '周雨恬', '', '0', '', '', 'C'),
(327, '陈镁淇', '', '0', '', '', 'C'),
(328, '陈伟图', '', '0', '', '', 'C'),
(329, '陈小英', '', '0', '', '', 'C'),
(330, '陈颖浩', '', '0', '', '', 'C'),
(331, '程琳', '', '0', '', '', 'C'),
(332, '程思进', '', '0', '', '', 'C'),
(333, '邓小曼', '', '0', '', '', 'C'),
(334, '邓小莹', '', '0', '', '', 'C'),
(335, '邓颖婷', '', '0', '', '', 'C'),
(336, '丁茂', '', '0', '', '', 'C'),
(337, '冯培欣', '', '0', '', '', 'C'),
(338, '冯榆婷', '', '0', '', '', 'C'),
(339, '甘淑欣', '', '0', '', '', 'C'),
(340, '郭志强', '', '0', '', '', 'C'),
(341, '何锐明', '', '0', '', '', 'C'),
(342, '李雪', '', '0', '', '', 'C'),
(343, '李宜蔓', '', '0', '', '', 'C'),
(344, '梁可盈', '', '0', '', '', 'C'),
(345, '梁绮琳', '', '0', '', '', 'C'),
(346, '梁少燕', '', '0', '', '', 'C'),
(347, '梁淑娴', '', '0', '', '', 'C'),
(348, '梁芷晴', '', '0', '', '', 'C'),
(349, '林惠坪', '', '0', '', '', 'C'),
(350, '林嘉怡', '', '0', '', '', 'C'),
(351, '罗茂森', '', '0', '', '', 'C'),
(352, '聂淑仪', '', '0', '', '', 'C'),
(353, '欧敏瑜', '', '0', '', '', 'C'),
(354, '阮伟珊', '', '0', '', '', 'C'),
(355, '帅艳', '', '0', '', '', 'C'),
(356, '苏美妍', '', '0', '', '', 'C'),
(357, '王丽婷2', '', '0', '', '', 'C'),
(358, '王宇桓', '', '0', '', '', 'C'),
(359, '翁韵倩', '', '0', '', '', 'C'),
(360, '吴婉琳', '', '0', '', '', 'C'),
(361, '吴苑岚', '', '0', '', '', 'C'),
(362, '肖向明', '', '0', '', '', 'C'),
(363, '熊婧', '', '0', '', '', 'C'),
(364, '徐国政', '', '0', '', '', 'C'),
(365, '杨丽楠', '', '0', '', '', 'C'),
(366, '杨仪萍', '', '0', '', '', 'C'),
(367, '张世银', '', '0', '', '', 'C'),
(368, '张咏欣', '', '0', '', '', 'C'),
(369, '张芷玮', '', '0', '', '', 'C'),
(370, '周铭淋', '', '0', '', '', 'C'),
(371, '陈熙', '', '0', '', '', 'C'),
(372, '蔡景涛', '', '0', '', '', 'C'),
(373, '蔡馨怡', '', '0', '', '', 'C'),
(374, '陈冰瑜', '', '0', '', '', 'C'),
(375, '陈筱岚', '', '0', '', '', 'C'),
(376, '陈颖', '', '0', '', '', 'C'),
(377, '陈映君', '', '0', '', '', 'C'),
(378, '丁雨轩', '', '0', '', '', 'C'),
(379, '冯雅伦', '', '0', '', '', 'C'),
(380, '甘悦', '', '0', '', '', 'C'),
(381, '何杰', '', '0', '', '', 'C'),
(382, '何婉婷', '', '0', '', '', 'C'),
(383, '蒋昊凌', '', '0', '', '', 'C'),
(384, '蓝炜', '', '0', '', '', 'C'),
(385, '李昊昕', '', '0', '', '', 'C'),
(386, '李婉莹', '', '0', '', '', 'C'),
(387, '李钊言', '', '0', '', '', 'C'),
(388, '梁海珊', '', '0', '', '', 'C'),
(389, '梁万冲', '', '0', '', '', 'C'),
(390, '梁伟斌', '', '0', '', '', 'C'),
(391, '林昱廷', '', '0', '', '', 'C'),
(392, '刘惠玲', '', '0', '', '', 'C'),
(393, '刘鑫旖', '', '0', '', '', 'C'),
(394, '刘椅华', '', '0', '', '', 'C'),
(395, '刘梓焮', '', '0', '', '', 'C'),
(396, '龙美洁', '', '0', '', '', 'C'),
(397, '龙中睿', '', '0', '', '', 'C'),
(398, '卢如楚', '', '0', '', '', 'C'),
(399, '罗宏宇', '', '0', '', '', 'C'),
(400, '罗家俊', '', '0', '', '', 'C'),
(401, '罗莎', '', '0', '', '', 'C'),
(402, '潘静仪', '', '0', '', '', 'C'),
(403, '彭德光', '', '0', '', '', 'C'),
(404, '丘婷', '', '0', '', '', 'C'),
(405, '沈依敏', '', '0', '', '', 'C'),
(406, '沈颖熙', '', '0', '', '', 'C'),
(407, '宋翠灵', '', '0', '', '', 'C'),
(408, '苏颖怡', '', '0', '', '', 'C'),
(409, '孙嘉欣', '', '0', '', '', 'C'),
(410, '孙乐弦', '', '0', '', '', 'C'),
(411, '覃琪琪', '', '0', '', '', 'C'),
(412, '覃文勇', '', '0', '', '', 'C'),
(413, '卫慧芳', '', '0', '', '', 'C'),
(414, '魏静宜', '', '0', '', '', 'C'),
(415, '温柳婵', '', '0', '', '', 'C'),
(416, '吴淑铟', '', '0', '', '', 'C'),
(417, '冼灵锋', '', '0', '', '', 'C'),
(418, '肖焯莹', '', '0', '', '', 'C'),
(419, '姚颖欣', '', '0', '', '', 'C'),
(420, '袁铭伟', '', '0', '', '', 'C'),
(421, '袁子弘', '', '0', '', '', 'C'),
(422, '张淑贤', '', '0', '', '', 'C'),
(423, '张欣桐', '', '0', '', '', 'C'),
(424, '郑少煜', '', '0', '', '', 'C'),
(425, '周丽链', '', '0', '', '', 'C'),
(426, '周琪朗', '', '0', '', '', 'C'),
(427, '周梓莹', '', '0', '', '', 'C'),
(428, '邹依潼', '', '0', '', '', 'C'),
(429, '蔡乐仪', '', '0', '', '', 'C'),
(430, '蔡荣臻', '', '0', '', '', 'C'),
(431, '陈翠华', '', '0', '', '', 'C'),
(432, '陈可蓉', '', '0', '', '', 'C'),
(433, '陈洛怡', '', '0', '', '', 'C'),
(434, '陈晓琳1', '', '0', '', '', 'C'),
(435, '陈阳', '', '0', '', '', 'C'),
(436, '陈依琪', '', '0', '', '', 'C'),
(437, '陈莹姗', '', '0', '', '', 'C'),
(438, '陈紫珊', '', '0', '', '', 'C'),
(439, '邓晓晴', '', '0', '', '', 'C'),
(440, '樊宇健', '', '0', '', '', 'C'),
(441, '甘欣', '', '0', '', '', 'C'),
(442, '郭伟添', '', '0', '', '', 'C'),
(443, '何伟俊', '', '0', '', '', 'C'),
(444, '何欣婷', '', '0', '', '', 'C'),
(445, '黄楚倩', '', '0', '', '', 'C'),
(446, '黄鼎中', '', '0', '', '', 'C'),
(447, '黄铭桦', '', '0', '', '', 'C'),
(448, '黄晓彤', '', '0', '', '', 'C'),
(449, '黄志浩', '', '0', '', '', 'C'),
(450, '李德青', '', '0', '', '', 'C'),
(451, '李佳莹', '', '0', '', '', 'C'),
(452, '李嘉敏', '', '0', '', '', 'C'),
(453, '李绮婷', '', '0', '', '', 'C'),
(454, '李莹怡', '', '0', '', '', 'C'),
(455, '李治坤', '', '0', '', '', 'C'),
(456, '梁采华', '', '0', '', '', 'C'),
(457, '梁可诺', '', '0', '', '', 'C'),
(458, '梁艺诗', '', '0', '', '', 'C'),
(459, '林楚懿', '', '0', '', '', 'C'),
(460, '林荣婷', '', '0', '', '', 'C'),
(461, '林馨', '', '0', '', '', 'C'),
(462, '林子聪', '', '0', '', '', 'C'),
(463, '刘璇越', '', '0', '', '', 'C'),
(464, '龙悦悦', '', '0', '', '', 'C'),
(465, '罗钦元', '', '0', '', '', 'C'),
(466, '罗鑫', '', '0', '', '', 'C'),
(467, '马月婷', '', '0', '', '', 'C'),
(468, '宁琳', '', '0', '', '', 'C'),
(469, '欧铠臻', '', '0', '', '', 'C'),
(470, '秦涛', '', '0', '', '', 'C'),
(471, '阮泽锋', '', '0', '', '', 'C'),
(472, '唐依澄', '', '0', '', '', 'C'),
(473, '王菲', '', '0', '', '', 'C'),
(474, '王铭蔚', '', '0', '', '', 'C'),
(475, '吴锐权', '', '0', '', '', 'C'),
(476, '吴怡', '', '0', '', '', 'C'),
(477, '肖伟勋', '', '0', '', '', 'C'),
(478, '谢榕榕', '', '0', '', '', 'C'),
(479, '许德铭', '', '0', '', '', 'C'),
(480, '袁顺意', '', '0', '', '', 'C'),
(481, '袁艺铨', '', '0', '', '', 'C'),
(482, '张广英', '', '0', '', '', 'C'),
(483, '钟梓铭', '', '0', '', '', 'C'),
(484, '周倩怡', '', '0', '', '', 'C'),
(485, '周晓彤', '', '0', '', '', 'C'),
(486, '朱梅芳', '', '0', '', '', 'C'),
(487, '曾晓文', '', '0', '', '', 'C'),
(488, '曾雅静', '', '0', '', '', 'C'),
(489, '陈君正', '', '0', '', '', 'C'),
(490, '陈莹莹', '', '0', '', '', 'C'),
(491, '邓小倩', '', '0', '', '', 'C'),
(492, '邓英紫', '', '0', '', '', 'C'),
(493, '冯海潮', '', '0', '', '', 'C'),
(494, '何欣怩', '', '0', '', '', 'C'),
(495, '何咏怡', '', '0', '', '', 'C'),
(496, '何雨恩', '', '0', '', '', 'C'),
(497, '贺柔情', '', '0', '', '', 'C'),
(498, '侯迎秋', '', '0', '', '', 'C'),
(499, '胡乐', '', '0', '', '', 'C'),
(500, '胡星雨', '', '0', '', '', 'C'),
(501, '黄光梅', '', '0', '', '', 'C'),
(502, '黄慧文', '', '0', '', '', 'C'),
(503, '黄钧浩', '', '0', '', '', 'C'),
(504, '黄墁莉', '', '0', '', '', 'C'),
(505, '黄昕玥', '', '0', '', '', 'C'),
(506, '黄镇熙', '', '0', '', '', 'C'),
(507, '嵇玮妮', '', '0', '', '', 'C'),
(508, '赖颖昕', '', '0', '', '', 'C'),
(509, '赖源', '', '0', '', '', 'C'),
(510, '赖泽平', '', '0', '', '', 'C'),
(511, '黎嘉欣', '', '0', '', '', 'C'),
(512, '李小婷', '', '0', '', '', 'C'),
(513, '李泳诗', '', '0', '', '', 'C'),
(514, '梁惠霞', '', '0', '', '', 'C'),
(515, '梁婉意', '', '0', '', '', 'C'),
(516, '梁燕珊', '', '0', '', '', 'C'),
(517, '梁颖铧', '', '0', '', '', 'C'),
(518, '林建邦', '', '0', '', '', 'C'),
(519, '林杏子', '', '0', '', '', 'C'),
(520, '刘踔', '', '0', '', '', 'C'),
(521, '陆巧爱', '', '0', '', '', 'C'),
(522, '麦嘉盈', '', '0', '', '', 'C'),
(523, '麦洁屏', '', '0', '', '', 'C'),
(524, '麦梓贤', '', '0', '', '', 'C'),
(525, '欧键龙', '', '0', '', '', 'C'),
(526, '潘可依', '', '0', '', '', 'C'),
(527, '区婉绫', '', '0', '', '', 'C'),
(528, '饶志谦', '', '0', '', '', 'C'),
(529, '史恒轩', '', '0', '', '', 'C'),
(530, '王天弟', '', '0', '', '', 'C'),
(531, '吴昊熹', '', '0', '', '', 'C'),
(532, '吴佳玲', '', '0', '', '', 'C'),
(533, '吴晓璐', '', '0', '', '', 'C'),
(534, '萧衍乔', '', '0', '', '', 'C'),
(535, '谢玲雨', '', '0', '', '', 'C'),
(536, '徐天福', '', '0', '', '', 'C'),
(537, '严粤生', '', '0', '', '', 'C'),
(538, '杨颖祺', '', '0', '', '', 'C'),
(539, '叶森', '', '0', '', '', 'C'),
(540, '游亚楠', '', '0', '', '', 'C'),
(541, '张净丞', '', '0', '', '', 'C'),
(542, '郑均锐', '', '0', '', '', 'C'),
(543, '周敏程', '', '0', '', '', 'C'),
(544, '蔡锐敏', '', '0', '', '', 'C'),
(545, '蔡树叶', '', '0', '', '', 'C'),
(546, '陈丽水', '', '0', '', '', 'C'),
(547, '陈玲果', '', '0', '', '', 'C'),
(548, '陈秋铃', '', '0', '', '', 'C'),
(549, '陈晓琳2', '', '0', '', '', 'C'),
(550, '冯璐', '', '0', '', '', 'C'),
(551, '郭燕敏', '', '0', '', '', 'C'),
(552, '何慧敏', '', '0', '', '', 'C'),
(553, '何韵诗', '', '0', '', '', 'C'),
(554, '何芷晴', '', '0', '', '', 'C'),
(555, '黄静云', '', '0', '', '', 'C'),
(556, '黄炜婷', '', '0', '', '', 'C'),
(557, '黄晓虹', '', '0', '', '', 'C'),
(558, '黄泳诗', '', '0', '', '', 'C'),
(559, '江静文', '', '0', '', '', 'C'),
(560, '蒋伟', '', '0', '', '', 'C'),
(561, '蒋欣萍', '', '0', '', '', 'C'),
(562, '匡亚茜', '', '0', '', '', 'C'),
(563, '兰楠', '', '0', '', '', 'C'),
(564, '雷希桐', '', '0', '', '', 'C'),
(565, '黎家诚', '', '0', '', '', 'C'),
(566, '李佳乐', '', '0', '', '', 'C'),
(567, '李佳馨', '', '0', '', '', 'C'),
(568, '李佳艺', '', '0', '', '', 'C'),
(569, '李乐', '', '0', '', '', 'C'),
(570, '李伟铖', '', '0', '', '', 'C'),
(571, '梁乐怡', '', '0', '', '', 'C'),
(572, '梁伟生', '', '0', '', '', 'C'),
(573, '梁晰雯', '', '0', '', '', 'C'),
(574, '梁燕媚', '', '0', '', '', 'C'),
(575, '廖乐茹', '', '0', '', '', 'C'),
(576, '林佳', '', '0', '', '', 'C'),
(577, '刘晓枫', '', '0', '', '', 'C'),
(578, '卢银婷', '', '0', '', '', 'C'),
(579, '卢钰娴', '', '0', '', '', 'C'),
(580, '罗小英', '', '0', '', '', 'C'),
(581, '麦钰怡', '', '0', '', '', 'C'),
(582, '莫君然', '', '0', '', '', 'C'),
(583, '欧紫迎', '', '0', '', '', 'C'),
(584, '邱琦', '', '0', '', '', 'C'),
(585, '苏敏婷', '', '0', '', '', 'C'),
(586, '王丽婷1', '', '0', '', '', 'C'),
(587, '王雅琴', '', '0', '', '', 'C'),
(588, '吴佳颖', '', '0', '', '', 'C'),
(589, '吴婉莹', '', '0', '', '', 'C'),
(590, '吴樱雪', '', '0', '', '', 'C'),
(591, '吴颖琳', '', '0', '', '', 'C'),
(592, '杨丽琼', '', '0', '', '', 'C'),
(593, '张慧华', '', '0', '', '', 'C'),
(594, '张楠', '', '0', '', '', 'C'),
(595, '郑乃森', '', '0', '', '', 'C'),
(596, '郑琦褀', '', '0', '', '', 'C'),
(597, '钟宛君', '', '0', '', '', 'C'),
(598, '周海青', '', '0', '', '', 'C'),
(599, '周晶晶', '', '0', '', '', 'C'),
(600, '周鑫', '', '0', '', '', 'C'),
(601, '陈敏诗', '', '0', '', '', 'C'),
(602, '冯曦莹', '', '0', '', '', 'C'),
(603, '古志雄', '', '0', '', '', 'C'),
(604, '郭宝盈', '', '0', '', '', 'C'),
(605, '何惟佳', '', '0', '', '', 'C'),
(606, '何晓雯', '', '0', '', '', 'C'),
(607, '何延棉', '', '0', '', '', 'C'),
(608, '黄敏华', '', '0', '', '', 'C'),
(609, '黄心怡', '', '0', '', '', 'C'),
(610, '黄梓璐', '', '0', '', '', 'C'),
(611, '赖佳荧', '', '0', '', '', 'C'),
(612, '赖文俊', '', '0', '', '', 'C'),
(613, '李萱', '', '0', '', '', 'C'),
(614, '练嘉骏', '', '0', '', '', 'C'),
(615, '梁俊', '', '0', '', '', 'C'),
(616, '梁婷', '', '0', '', '', 'C'),
(617, '梁盈', '', '0', '', '', 'C'),
(618, '梁梓晴', '', '0', '', '', 'C'),
(619, '廖莹莹', '', '0', '', '', 'C'),
(620, '林洋洋', '', '0', '', '', 'C'),
(621, '林芷名', '', '0', '', '', 'C'),
(622, '刘佳丽', '', '0', '', '', 'C'),
(623, '刘晓楠', '', '0', '', '', 'C'),
(624, '刘钰瑜', '', '0', '', '', 'C'),
(625, '卢欣欣', '', '0', '', '', 'C'),
(626, '卢韵诗', '', '0', '', '', 'C'),
(627, '钱佳意', '', '0', '', '', 'C'),
(628, '邵佳欢', '', '0', '', '', 'C'),
(629, '申茜', '', '0', '', '', 'C'),
(630, '石凤怡', '', '0', '', '', 'C'),
(631, '苏锐怡', '', '0', '', '', 'C'),
(632, '谭诗琪', '', '0', '', '', 'C'),
(633, '谭素蕾', '', '0', '', '', 'C'),
(634, '王彩玉', '', '0', '', '', 'C'),
(635, '文梓聪', '', '0', '', '', 'C'),
(636, '吴敏莉', '', '0', '', '', 'C'),
(637, '吴诗晴', '', '0', '', '', 'C'),
(638, '吴星芸', '', '0', '', '', 'C'),
(639, '冼昊', '', '0', '', '', 'C'),
(640, '向余鑫', '', '0', '', '', 'C'),
(641, '肖雨琪', '', '0', '', '', 'C'),
(642, '杨小清', '', '0', '', '', 'C'),
(643, '杨紫欣', '', '0', '', '', 'C'),
(644, '叶漫鈃', '', '0', '', '', 'C'),
(645, '张开铿', '', '0', '', '', 'C'),
(646, '张乐怡', '', '0', '', '', 'C'),
(647, '赵丽婷', '', '0', '', '', 'C'),
(648, '徐艺', '', '0', '', '', 'C'),
(649, '陈慧珊', '', '0', '', '', 'C'),
(650, '邓玲', '', '0', '', '', 'C'),
(651, '范雅萍', '', '0', '', '', 'C'),
(652, '冯嘉祺', '', '0', '', '', 'C'),
(653, '冯子玲', '', '0', '', '', 'C'),
(654, '甘明睿', '', '0', '', '', 'C'),
(655, '关伟乐', '', '0', '', '', 'C'),
(656, '郭柱华', '', '0', '', '', 'C'),
(657, '洪凡雅', '', '0', '', '', 'C'),
(658, '黄海燕', '', '0', '', '', 'C'),
(659, '黄嘉怡', '', '0', '', '', 'C'),
(660, '黄英杰', '', '0', '', '', 'C'),
(661, '黄枝华', '', '0', '', '', 'C'),
(662, '金爽爽', '', '0', '', '', 'C'),
(663, '梁汉民', '', '0', '', '', 'C'),
(664, '梁乐然', '', '0', '', '', 'C'),
(665, '梁倩怡', '', '0', '', '', 'C'),
(666, '梁炜欣', '', '0', '', '', 'C'),
(667, '梁芯月', '', '0', '', '', 'C'),
(668, '梁译婷', '', '0', '', '', 'C'),
(669, '林敏莹', '', '0', '', '', 'C'),
(670, '刘钧皓', '', '0', '', '', 'C'),
(671, '刘小榆', '', '0', '', '', 'C'),
(672, '卢姿', '', '0', '', '', 'C'),
(673, '陆英杰', '', '0', '', '', 'C'),
(674, '陆雨婷', '', '0', '', '', 'C'),
(675, '罗吉', '', '0', '', '', 'C'),
(676, '马瑞婷', '', '0', '', '', 'C'),
(677, '麦淑滢', '', '0', '', '', 'C'),
(678, '区艳浈', '', '0', '', '', 'C'),
(679, '邵琬玲', '', '0', '', '', 'C'),
(680, '苏倩影', '', '0', '', '', 'C'),
(681, '孙翠珊', '', '0', '', '', 'C'),
(682, '谭锦云', '', '0', '', '', 'C'),
(683, '汤展俊', '', '0', '', '', 'C'),
(684, '温子杰', '', '0', '', '', 'C'),
(685, '吴蔓研', '', '0', '', '', 'C'),
(686, '吴敏怡', '', '0', '', '', 'C'),
(687, '吴舒雅', '', '0', '', '', 'C'),
(688, '肖柏林', '', '0', '', '', 'C'),
(689, '徐曼晴', '', '0', '', '', 'C'),
(690, '颜启华', '', '0', '', '', 'C'),
(691, '杨琳', '', '0', '', '', 'C'),
(692, '姚淋月', '', '0', '', '', 'C'),
(693, '尹骞珮', '', '0', '', '', 'C'),
(694, '张旻曦', '', '0', '', '', 'C'),
(695, '郑梓娜', '', '0', '', '', 'C'),
(696, '周凯滢', '', '0', '', '', 'C'),
(697, '左伊欣', '', '0', '', '', 'C'),
(698, '蔡晓晴', '', '0', '', '', 'C'),
(699, '曾美媛', '', '0', '', '', 'C'),
(700, '曾晓楠', '', '0', '', '', 'C'),
(701, '陈钞', '', '0', '', '', 'C'),
(702, '陈冠铜', '', '0', '', '', 'C'),
(703, '陈嘉虹', '', '0', '', '', 'C'),
(704, '陈俊杰', '', '0', '', '', 'C'),
(705, '陈善贤', '', '0', '', '', 'C'),
(706, '陈文朗', '', '0', '', '', 'C'),
(707, '冯静雯', '', '0', '', '', 'C'),
(708, '高世佑', '', '0', '', '', 'C'),
(709, '郭耀林', '', '0', '', '', 'C'),
(710, '侯博森', '', '0', '', '', 'C'),
(711, '侯鑫雨', '', '0', '', '', 'C'),
(712, '花楠杰', '', '0', '', '', 'C'),
(713, '黄莉潼', '', '0', '', '', 'C'),
(714, '劳鸿彬', '', '0', '', '', 'C'),
(715, '李佩欣', '', '0', '', '', 'C'),
(716, '李源源', '', '0', '', '', 'C'),
(717, '李泽豪', '', '0', '', '', 'C'),
(718, '梁文威', '', '0', '', '', 'C'),
(719, '林恩如', '', '0', '', '', 'C'),
(720, '刘娟', '', '0', '', '', 'C'),
(721, '刘文升', '', '0', '', '', 'C'),
(722, '刘欣荣', '', '0', '', '', 'C'),
(723, '刘殷彤', '', '0', '', '', 'C'),
(724, '罗佩琳', '', '0', '', '', 'C'),
(725, '罗芷晴', '', '0', '', '', 'C'),
(726, '欧阳钰盈', '', '0', '', '', 'C'),
(727, '阮晓盈', '', '0', '', '', 'C'),
(728, '司徒莹莹', '', '0', '', '', 'C'),
(729, '苏颖琳', '', '0', '', '', 'C'),
(730, '谭箫', '', '0', '', '', 'C'),
(731, '田婧', '', '0', '', '', 'C'),
(732, '王希婷', '', '0', '', '', 'C'),
(733, '辛腾', '', '0', '', '', 'C'),
(734, '杨建博', '', '0', '', '', 'C'),
(735, '叶智钦', '', '0', '', '', 'C'),
(736, '易美彤', '', '0', '', '', 'C'),
(737, '余泽昌', '', '0', '', '', 'C'),
(738, '余子晴', '', '0', '', '', 'C'),
(739, '张敏仪', '', '0', '', '', 'C'),
(740, '钟靖悠', '', '0', '', '', 'C'),
(741, '庄小权', '', '0', '', '', 'C'),
(742, '卓越', '', '0', '', '', 'C'),
(743, '曾倩儿', '', '0', '', '', 'C'),
(744, '曾锐德', '', '0', '', '', 'C'),
(745, '陈靖', '', '0', '', '', 'C'),
(746, '崔永尚', '', '0', '', '', 'C'),
(747, '邓健俊', '', '0', '', '', 'C'),
(748, '丁珺琪', '', '0', '', '', 'C'),
(749, '付曼思', '', '0', '', '', 'C'),
(750, '高雅雯', '', '0', '', '', 'C'),
(751, '李木紫', '', '0', '', '', 'C'),
(752, '李琦琪', '', '0', '', '', 'C'),
(753, '李巧儿', '', '0', '', '', 'C'),
(754, '梁侥欣', '', '0', '', '', 'C'),
(755, '梁子慧', '', '0', '', '', 'C'),
(756, '林舒欣', '', '0', '', '', 'C'),
(757, '林炜皓', '', '0', '', '', 'C'),
(758, '林悦', '', '0', '', '', 'C'),
(759, '刘欢钰', '', '0', '', '', 'C'),
(760, '刘铭慧', '', '0', '', '', 'C'),
(761, '刘培仪', '', '0', '', '', 'C'),
(762, '刘茹婷', '', '0', '', '', 'C'),
(763, '刘展鹏', '', '0', '', '', 'C'),
(764, '罗杏怡', '', '0', '', '', 'C'),
(765, '潘俊懋', '', '0', '', '', 'C'),
(766, '钱进', '', '0', '', '', 'C'),
(767, '施钰伟', '', '0', '', '', 'C'),
(768, '王洁茹', '', '0', '', '', 'C'),
(769, '吴镓良', '', '0', '', '', 'C'),
(770, '吴梓豪', '', '0', '', '', 'C'),
(771, '肖瑶', '', '0', '', '', 'C'),
(772, '徐宇锋', '', '0', '', '', 'C'),
(773, '杨文敏', '', '0', '', '', 'C'),
(774, '叶梓洋2', '', '0', '', '', 'C'),
(775, '袁希童', '', '0', '', '', 'C'),
(776, '张迅', '', '0', '', '', 'C'),
(777, '张展图', '', '0', '', '', 'C'),
(778, '钟梓杨', '', '0', '', '', 'C'),
(779, 'fj', '', '0', '', '', 'C'),
(781, '很喜欢', '', '0', '', '', 'C');

-- --------------------------------------------------------

--
-- 表的结构 `student_sign`
--

CREATE TABLE `student_sign` (
  `id` int(11) NOT NULL,
  `student_id` int(6) NOT NULL COMMENT '学生的id',
  `status` int(1) NOT NULL COMMENT '默认为0未考勤；1已考勤；2迟到；3旷课',
  `sign_time` timestamp NOT NULL DEFAULT CURRENT_TIMESTAMP COMMENT '考勤时间'
) ENGINE=InnoDB DEFAULT CHARSET=utf8 COMMENT='学生考勤表';

-- --------------------------------------------------------

--
-- 表的结构 `student_study_file`
--

CREATE TABLE `student_study_file` (
  `id` int(20) NOT NULL COMMENT '学生学习档案记录id',
  `student_id` int(6) NOT NULL,
  `student_name` varchar(20) NOT NULL,
  `lesson_id` int(10) NOT NULL,
  `attendance` varchar(3) NOT NULL COMMENT '考勤',
  `active` varchar(5) NOT NULL COMMENT '课堂活动',
  `task_a` varchar(5) NOT NULL COMMENT '任务自评',
  `task_b` varchar(5) NOT NULL COMMENT '任务互评',
  `task_c` varchar(5) NOT NULL COMMENT '任务师评'
) ENGINE=InnoDB DEFAULT CHARSET=utf8;

--
-- 转存表中的数据 `student_study_file`
--

INSERT INTO `student_study_file` (`id`, `student_id`, `student_name`, `lesson_id`, `attendance`, `active`, `task_a`, `task_b`, `task_c`) VALUES
(4, 9, '陈永权', -1, '2', '25.31', '', '', ''),
(5, 9, '陈永权', -2, '3', '28', '', '', ''),
(6, 4, '测试学生', -1, '2', '21.56', '', '', ''),
(7, 4, '测试学生', -2, '', '28', '', '', ''),
(8, 5, '蔡俊毅', -1, '', '21.56', '', '', ''),
(9, 5, '蔡俊毅', -2, '', '35', '', '', ''),
(10, 11, '陈正坤', -1, '', '22.5', '', '', ''),
(11, 11, '陈正坤', -2, '', '35', '', '', ''),
(12, 6, '陈佳燃', -1, '', '20.62', '', '', ''),
(13, 6, '陈佳燃', -2, '', '14', '', '', ''),
(14, 7, '陈淑恩', -1, '', '18.75', '', '', ''),
(15, 7, '陈淑恩', -2, '', '14', '', '', ''),
(16, 8, '陈伟福', -1, '', '29.06', '', '', ''),
(17, 8, '陈伟福', -2, '', '42', '', '', ''),
(18, 10, '陈钊杰', -1, '', '24.37', '', '', ''),
(19, 10, '陈钊杰', -2, '', '21', '', '', '');

-- --------------------------------------------------------

--
-- 表的结构 `student_study_record`
--

CREATE TABLE `student_study_record` (
  `id` int(20) NOT NULL COMMENT '学生学习档案记录id',
  `student_id` int(6) NOT NULL,
  `student_name` varchar(20) NOT NULL,
  `lesson_id` int(10) NOT NULL,
  `item` varchar(50) NOT NULL COMMENT '得分/扣分项目',
  `score` float NOT NULL COMMENT '分值',
  `time` timestamp NOT NULL DEFAULT CURRENT_TIMESTAMP ON UPDATE CURRENT_TIMESTAMP
) ENGINE=InnoDB DEFAULT CHARSET=utf8;

--
-- 转存表中的数据 `student_study_record`
--

INSERT INTO `student_study_record` (`id`, `student_id`, `student_name`, `lesson_id`, `item`, `score`, `time`) VALUES
(16, 9, '陈永权', -1, '前测问卷基础分', 25.3125, '2020-09-01 13:53:22'),
(17, 9, '陈永权', -2, '前测测试基础分', 28, '2020-09-01 13:53:45'),
(18, 4, '测试学生', -1, '前测问卷基础分', 21.5625, '2020-09-01 14:24:57'),
(19, 4, '测试学生', -2, '前测测试基础分', 28, '2020-09-01 14:25:10'),
(20, 5, '蔡俊毅', -1, '前测问卷基础分', 21.5625, '2020-09-14 07:56:30'),
(21, 5, '蔡俊毅', -2, '前测测试基础分', 35, '2020-09-14 07:56:55'),
(22, 11, '陈正坤', -1, '前测问卷基础分', 22.5, '2020-09-14 07:58:59'),
(23, 11, '陈正坤', -2, '前测测试基础分', 35, '2020-09-14 07:59:09'),
(24, 6, '陈佳燃', -1, '前测问卷基础分', 20.625, '2020-09-14 08:00:34'),
(25, 6, '陈佳燃', -2, '前测测试基础分', 14, '2020-09-14 08:00:51'),
(26, 7, '陈淑恩', -1, '前测问卷基础分', 18.75, '2020-09-14 08:01:51'),
(27, 7, '陈淑恩', -2, '前测测试基础分', 14, '2020-09-14 08:02:07'),
(28, 8, '陈伟福', -1, '前测问卷基础分', 29.0625, '2020-09-14 08:02:58'),
(29, 8, '陈伟福', -2, '前测测试基础分', 42, '2020-09-14 08:03:27'),
(30, 10, '陈钊杰', -1, '前测问卷基础分', 24.375, '2020-09-14 08:31:12'),
(31, 10, '陈钊杰', -2, '前测测试基础分', 21, '2020-09-14 08:31:23');

-- --------------------------------------------------------

--
-- 表的结构 `teacher_class`
--

CREATE TABLE `teacher_class` (
  `id` int(11) NOT NULL,
  `teacher_id` int(6) NOT NULL,
  `class_id` int(3) NOT NULL
) ENGINE=InnoDB DEFAULT CHARSET=utf8 COMMENT='教师任教班级';

--
-- 转存表中的数据 `teacher_class`
--

INSERT INTO `teacher_class` (`id`, `teacher_id`, `class_id`) VALUES
(1, 2, 1),
(2, 2, 2),
(3, 2, 3),
(4, 2, 11),
(5, 780, 1);

-- --------------------------------------------------------

--
-- 表的结构 `teacher_info`
--

CREATE TABLE `teacher_info` (
  `id` int(6) NOT NULL COMMENT '学生id',
  `name` varchar(16) NOT NULL COMMENT '姓名',
  `sex` varchar(1) NOT NULL COMMENT '性别',
  `subject` varchar(15) NOT NULL COMMENT '任教科目'
) ENGINE=InnoDB DEFAULT CHARSET=utf8;

--
-- 转存表中的数据 `teacher_info`
--

INSERT INTO `teacher_info` (`id`, `name`, `sex`, `subject`) VALUES
(2, '教师', '女', '信息技术'),
(780, '张东升', '男', '信息技术');

-- --------------------------------------------------------

--
-- 表的结构 `user_info`
--

CREATE TABLE `user_info` (
  `id` int(6) NOT NULL COMMENT 'id',
  `username` varchar(16) NOT NULL COMMENT '用户名',
  `password` varchar(20) NOT NULL COMMENT '密码',
  `name` varchar(20) NOT NULL COMMENT '姓名',
  `root` int(1) NOT NULL DEFAULT '0' COMMENT '角色：0学生；1教师；2管理员',
  `on_off` int(1) NOT NULL DEFAULT '1' COMMENT '是否停用：2正常、1首次登陆、0停用',
  `time` timestamp NOT NULL DEFAULT CURRENT_TIMESTAMP COMMENT '注册时间'
) ENGINE=InnoDB DEFAULT CHARSET=utf8;

--
-- 转存表中的数据 `user_info`
--

INSERT INTO `user_info` (`id`, `username`, `password`, `name`, `root`, `on_off`, `time`) VALUES
(1, 'admin', 'admin', '管理员', 2, 1, '2020-06-10 12:44:33'),
(2, 'foldkant', '123456', '教师', 1, 2, '2020-06-12 03:20:42'),
(4, '20070910', '123456', '测试学生', 0, 2, '2020-06-17 02:22:08'),
(5, '92763120', '123456', '蔡俊毅', 0, 2, '2020-06-23 12:42:23'),
(6, '92763121', '123456', '陈佳燃', 0, 2, '2020-06-23 12:42:23'),
(7, '92763122', '123456', '陈淑恩', 0, 2, '2020-06-23 12:42:23'),
(8, '92763123', '123456', '陈伟福', 0, 2, '2020-06-23 12:42:23'),
(9, '92763124', '123456', '陈永权', 0, 1, '2020-06-23 12:42:23'),
(10, '92763125', '123456', '陈钊杰', 0, 2, '2020-06-23 12:42:23'),
(11, '92772928', '123456', '陈正坤', 0, 2, '2020-06-23 12:42:23'),
(12, '92772929', '123456', '陈卓伟', 0, 1, '2020-06-23 12:42:23'),
(13, '92772930', '123456', '程远君', 0, 1, '2020-06-23 12:42:23'),
(14, '92772931', '123456', '邓玉宜', 0, 1, '2020-06-23 12:42:23'),
(15, '92772932', '123456', '龚可为', 0, 1, '2020-06-23 12:42:23'),
(16, '92772933', '123456', '何家鸿', 0, 1, '2020-06-23 12:42:23'),
(17, '92772934', '123456', '黄家成', 0, 1, '2020-06-23 12:42:23'),
(18, '92772935', '123456', '黄家煜', 0, 1, '2020-06-23 12:42:23'),
(19, '92772936', '123456', '黄俊杰1', 0, 1, '2020-06-23 12:42:23'),
(20, '92772937', '123456', '黄耀俊', 0, 1, '2020-06-23 12:42:23'),
(21, '92772938', '123456', '黄子逸', 0, 1, '2020-06-23 12:42:23'),
(22, '92772939', '123456', '金智丞', 0, 1, '2020-06-23 12:42:23'),
(23, '92772940', '123456', '劳明', 0, 1, '2020-06-23 12:42:23'),
(24, '92772941', '123456', '李荏权', 0, 1, '2020-06-23 12:42:23'),
(25, '92772942', '123456', '李奕乐', 0, 1, '2020-06-23 12:42:23'),
(26, '92772943', '123456', '李泽林', 0, 1, '2020-06-23 12:42:23'),
(27, '92772944', '123456', '李兆伦', 0, 1, '2020-06-23 12:42:23'),
(28, '92772945', '123456', '连志扬', 0, 1, '2020-06-23 12:42:23'),
(29, '92772946', '123456', '梁城康', 0, 1, '2020-06-23 12:42:23'),
(30, '92772947', '123456', '梁健鸿', 0, 1, '2020-06-23 12:42:23'),
(31, '92772948', '123456', '梁伟杰', 0, 1, '2020-06-23 12:42:23'),
(32, '92772949', '123456', '梁晓琪', 0, 1, '2020-06-23 12:42:23'),
(33, '92772950', '123456', '梁长成', 0, 1, '2020-06-23 12:42:23'),
(34, '92772951', '123456', '梁芷滢', 0, 1, '2020-06-23 12:42:23'),
(35, '92772952', '123456', '刘锦荣', 0, 1, '2020-06-23 12:42:23'),
(36, '92772953', '123456', '陆韦钰', 0, 1, '2020-06-23 12:42:23'),
(37, '92772954', '123456', '麦允麒', 0, 1, '2020-06-23 12:42:23'),
(38, '92772955', '123456', '聂锦坤', 0, 1, '2020-06-23 12:42:23'),
(39, '92772956', '123456', '唐苑杰', 0, 1, '2020-06-23 12:42:23'),
(40, '92772957', '123456', '陶劲希', 0, 1, '2020-06-23 12:42:23'),
(41, '92772958', '123456', '王泓禧', 0, 1, '2020-06-23 12:42:23'),
(42, '92772959', '123456', '王金星', 0, 1, '2020-06-23 12:42:23'),
(43, '92772960', '123456', '王连杰', 0, 1, '2020-06-23 12:42:23'),
(44, '92772961', '123456', '魏小玲', 0, 1, '2020-06-23 12:42:23'),
(45, '92772962', '123456', '温仁浩', 0, 1, '2020-06-23 12:42:23'),
(46, '92772963', '123456', '吴倪俊', 0, 1, '2020-06-23 12:42:23'),
(47, '92772964', '123456', '肖茗月', 0, 1, '2020-06-23 12:42:23'),
(48, '92772965', '123456', '谢维朝', 0, 1, '2020-06-23 12:42:23'),
(49, '92772966', '123456', '谢壹枫', 0, 1, '2020-06-23 12:42:23'),
(50, '92772967', '123456', '徐紫珊', 0, 1, '2020-06-23 12:42:23'),
(51, '92772968', '123456', '杨国钊', 0, 1, '2020-06-23 12:42:23'),
(52, '92772969', '123456', '杨和键', 0, 1, '2020-06-23 12:42:23'),
(53, '92772970', '123456', '游俊坤', 0, 1, '2020-06-23 12:42:23'),
(54, '92772971', '123456', '张金荣', 0, 1, '2020-06-23 12:42:23'),
(55, '92772972', '123456', '钟浩彬', 0, 1, '2020-06-23 12:42:23'),
(56, '92772973', '123456', '周嘉怡', 0, 1, '2020-06-23 12:42:23'),
(57, '92772974', '123456', '周世鸿', 0, 1, '2020-06-23 12:42:23'),
(58, '92772975', '123456', '朱秋茗', 0, 1, '2020-06-23 12:42:23'),
(59, '92772976', '123456', '蔡龙凯', 0, 1, '2020-06-23 12:42:23'),
(60, '92772977', '123456', '岑鸿满', 0, 1, '2020-06-23 12:42:23'),
(61, '92772978', '123456', '陈仕靖', 0, 1, '2020-06-23 12:42:23'),
(62, '92772979', '123456', '陈燕虹', 0, 1, '2020-06-23 12:42:23'),
(63, '92772980', '123456', '戴乔逸', 0, 1, '2020-06-23 12:42:23'),
(64, '92772981', '123456', '关彩莹', 0, 1, '2020-06-23 12:42:23'),
(65, '92772982', '123456', '郭候发', 0, 1, '2020-06-23 12:42:23'),
(66, '92772983', '123456', '郭晓楠', 0, 1, '2020-06-23 12:42:23'),
(67, '92772984', '123456', '何梓贤', 0, 1, '2020-06-23 12:42:23'),
(68, '92772985', '123456', '黄健涛', 0, 1, '2020-06-23 12:42:23'),
(69, '92772986', '123456', '黄荣楷', 0, 1, '2020-06-23 12:42:23'),
(70, '92772987', '123456', '黄晓萱', 0, 1, '2020-06-23 12:42:23'),
(71, '92772988', '123456', '黄耀城', 0, 1, '2020-06-23 12:42:23'),
(72, '92772989', '123456', '江浩博', 0, 1, '2020-06-23 12:42:23'),
(73, '92772990', '123456', '解晖', 0, 1, '2020-06-23 12:42:23'),
(74, '92772991', '123456', '李旭昭', 0, 1, '2020-06-23 12:42:24'),
(75, '92772992', '123456', '李泳文', 0, 1, '2020-06-23 12:42:24'),
(76, '92772993', '123456', '李智民', 0, 1, '2020-06-23 12:42:24'),
(77, '92772994', '123456', '梁昊', 0, 1, '2020-06-23 12:42:24'),
(78, '92772995', '123456', '梁荣佳', 0, 1, '2020-06-23 12:42:24'),
(79, '92772996', '123456', '梁淑钧', 0, 1, '2020-06-23 12:42:24'),
(80, '92772997', '123456', '梁万轩', 0, 1, '2020-06-23 12:42:24'),
(81, '92772998', '123456', '廖韵滢', 0, 1, '2020-06-23 12:42:24'),
(82, '92772999', '123456', '林清辉', 0, 1, '2020-06-23 12:42:24'),
(83, '92773000', '123456', '林晓明', 0, 1, '2020-06-23 12:42:24'),
(84, '92773001', '123456', '刘嘉桦', 0, 1, '2020-06-23 12:42:24'),
(85, '92773002', '123456', '刘宇杰', 0, 1, '2020-06-23 12:42:24'),
(86, '92773003', '123456', '卢璠', 0, 1, '2020-06-23 12:42:24'),
(87, '92773004', '123456', '罗铭安', 0, 1, '2020-06-23 12:42:24'),
(88, '92773005', '123456', '麦俊康', 0, 1, '2020-06-23 12:42:24'),
(89, '92773006', '123456', '蒙志彬', 0, 1, '2020-06-23 12:42:24'),
(90, '92773007', '123456', '庞开泰', 0, 1, '2020-06-23 12:42:24'),
(91, '92773008', '123456', '屈源海', 0, 1, '2020-06-23 12:42:24'),
(92, '92773009', '123456', '邵泳键', 0, 1, '2020-06-23 12:42:24'),
(93, '92773010', '123456', '施盈盈', 0, 1, '2020-06-23 12:42:24'),
(94, '92773011', '123456', '孙浩南', 0, 1, '2020-06-23 12:42:24'),
(95, '92773012', '123456', '孙艺', 0, 1, '2020-06-23 12:42:24'),
(96, '92773013', '123456', '谭颖锋', 0, 1, '2020-06-23 12:42:24'),
(97, '92773014', '123456', '王博', 0, 1, '2020-06-23 12:42:24'),
(98, '92773015', '123456', '王朝贵', 0, 1, '2020-06-23 12:42:24'),
(99, '92773016', '123456', '韦凯茵', 0, 1, '2020-06-23 12:42:24'),
(100, '92773017', '123456', '温宇键', 0, 1, '2020-06-23 12:42:24'),
(101, '92773018', '123456', '邬敏静', 0, 1, '2020-06-23 12:42:24'),
(102, '92773019', '123456', '吴俊贤', 0, 1, '2020-06-23 12:42:24'),
(103, '92773020', '123456', '吴婉琪', 0, 1, '2020-06-23 12:42:24'),
(104, '92773021', '123456', '吴秀虹', 0, 1, '2020-06-23 12:42:24'),
(105, '92773022', '123456', '吴智铭', 0, 1, '2020-06-23 12:42:24'),
(106, '92773023', '123456', '许嘉琳', 0, 1, '2020-06-23 12:42:24'),
(107, '92773024', '123456', '严阳', 0, 1, '2020-06-23 12:42:24'),
(108, '92773025', '123456', '叶世烽', 0, 1, '2020-06-23 12:42:24'),
(109, '92773026', '123456', '叶婉琪', 0, 1, '2020-06-23 12:42:24'),
(110, '92773027', '123456', '张国聪', 0, 1, '2020-06-23 12:42:24'),
(111, '92773028', '123456', '张坤荣', 0, 1, '2020-06-23 12:42:24'),
(112, '92773029', '123456', '张文秀', 0, 1, '2020-06-23 12:42:24'),
(113, '92773030', '123456', '张雪琳', 0, 1, '2020-06-23 12:42:24'),
(114, '92773031', '123456', '张扬', 0, 1, '2020-06-23 12:42:24'),
(115, '92773032', '123456', '张智棚', 0, 1, '2020-06-23 12:42:24'),
(116, '92773033', '123456', '朱丹', 0, 1, '2020-06-23 12:42:24'),
(117, '92773034', '123456', '朱景瑞', 0, 1, '2020-06-23 12:42:24'),
(118, '92773035', '123456', '曾俊铭', 0, 1, '2020-06-23 12:42:24'),
(119, '92773036', '123456', '陈荣豪', 0, 1, '2020-06-23 12:42:24'),
(120, '92773037', '123456', '陈时星', 0, 1, '2020-06-23 12:42:24'),
(121, '92773038', '123456', '陈思宇', 0, 1, '2020-06-23 12:42:24'),
(122, '92773039', '123456', '陈宇', 0, 1, '2020-06-23 12:42:24'),
(123, '92773040', '123456', '程富家', 0, 1, '2020-06-23 12:42:24'),
(124, '92773041', '123456', '冯梓键', 0, 1, '2020-06-23 12:42:24'),
(125, '92773042', '123456', '古小钰', 0, 1, '2020-06-23 12:42:24'),
(126, '92773043', '123456', '郭浩武', 0, 1, '2020-06-23 12:42:24'),
(127, '92773044', '123456', '何梓华', 0, 1, '2020-06-23 12:42:24'),
(128, '92773045', '123456', '黄承贵', 0, 1, '2020-06-23 12:42:24'),
(129, '92773046', '123456', '黄浩天', 0, 1, '2020-06-23 12:42:24'),
(130, '92773047', '123456', '黄金旺', 0, 1, '2020-06-23 12:42:24'),
(131, '92773048', '123456', '黄启茗', 0, 1, '2020-06-23 12:42:24'),
(132, '92773049', '123456', '黄倩', 0, 1, '2020-06-23 12:42:24'),
(133, '92773050', '123456', '姜泓涛', 0, 1, '2020-06-23 12:42:24'),
(134, '92773051', '123456', '蒋健美', 0, 1, '2020-06-23 12:42:24'),
(135, '92773052', '123456', '蒋良坤', 0, 1, '2020-06-23 12:42:24'),
(136, '92773053', '123456', '孔令政', 0, 1, '2020-06-23 12:42:24'),
(137, '92773054', '123456', '李甘', 0, 1, '2020-06-23 12:42:24'),
(138, '92773055', '123456', '李杰', 0, 1, '2020-06-23 12:42:24'),
(139, '92773056', '123456', '李启业', 0, 1, '2020-06-23 12:42:24'),
(140, '92773057', '123456', '李永康', 0, 1, '2020-06-23 12:42:24'),
(141, '92773058', '123456', '梁锦治', 0, 1, '2020-06-23 12:42:24'),
(142, '92773059', '123456', '梁敬榆', 0, 1, '2020-06-23 12:42:24'),
(143, '92773060', '123456', '梁梓豪', 0, 1, '2020-06-23 12:42:24'),
(144, '92773061', '123456', '梁紫晴', 0, 1, '2020-06-23 12:42:24'),
(145, '92773062', '123456', '廖财颖', 0, 1, '2020-06-23 12:42:24'),
(146, '92773063', '123456', '刘嘉俊', 0, 1, '2020-06-23 12:42:24'),
(147, '92773064', '123456', '刘鑫', 0, 1, '2020-06-23 12:42:24'),
(148, '92773065', '123456', '卢亮', 0, 1, '2020-06-23 12:42:24'),
(149, '92773066', '123456', '卢毅', 0, 1, '2020-06-23 12:42:24'),
(150, '92773067', '123456', '罗海岚', 0, 1, '2020-06-23 12:42:24'),
(151, '92773068', '123456', '罗兰娟', 0, 1, '2020-06-23 12:42:24'),
(152, '92773069', '123456', '罗敏婷', 0, 1, '2020-06-23 12:42:24'),
(153, '92773070', '123456', '马雪梅', 0, 1, '2020-06-23 12:42:24'),
(154, '92773071', '123456', '彭可鑫', 0, 1, '2020-06-23 12:42:24'),
(155, '92773072', '123456', '邱晓泉', 0, 1, '2020-06-23 12:42:24'),
(156, '92773073', '123456', '司向朋', 0, 1, '2020-06-23 12:42:24'),
(157, '92773074', '123456', '汪博', 0, 1, '2020-06-23 12:42:24'),
(158, '92773075', '123456', '王锦鸿', 0, 1, '2020-06-23 12:42:24'),
(159, '92773076', '123456', '王坤举', 0, 1, '2020-06-23 12:42:24'),
(160, '92773077', '123456', '王翼锋', 0, 1, '2020-06-23 12:42:24'),
(161, '92773078', '123456', '谢涛涛', 0, 1, '2020-06-23 12:42:24'),
(162, '92773079', '123456', '谢晓楠', 0, 1, '2020-06-23 12:42:24'),
(163, '92773080', '123456', '叶福威', 0, 1, '2020-06-23 12:42:24'),
(164, '92773081', '123456', '余鹏辉', 0, 1, '2020-06-23 12:42:24'),
(165, '92773082', '123456', '袁嘉慧', 0, 1, '2020-06-23 12:42:24'),
(166, '92773083', '123456', '袁靖华', 0, 1, '2020-06-23 12:42:24'),
(167, '92773084', '123456', '张家玮', 0, 1, '2020-06-23 12:42:24'),
(168, '92773085', '123456', '张嘉庆', 0, 1, '2020-06-23 12:42:24'),
(169, '92773086', '123456', '张荣标', 0, 1, '2020-06-23 12:42:24'),
(170, '92773087', '123456', '张睿', 0, 1, '2020-06-23 12:42:24'),
(171, '92773088', '123456', '张盛', 0, 1, '2020-06-23 12:42:24'),
(172, '92773089', '123456', '郑嘉韵', 0, 1, '2020-06-23 12:42:24'),
(173, '92773090', '123456', '郑周行', 0, 1, '2020-06-23 12:42:24'),
(174, '92773091', '123456', '朱舒婷', 0, 1, '2020-06-23 12:42:24'),
(175, '92773092', '123456', '诸敬和', 0, 1, '2020-06-23 12:42:24'),
(176, '92773093', '123456', '蔡丁锦念', 0, 1, '2020-06-23 12:42:24'),
(177, '92773094', '123456', '蔡梦霖', 0, 1, '2020-06-23 12:42:24'),
(178, '92773095', '123456', '蔡钰玲', 0, 1, '2020-06-23 12:42:24'),
(179, '92773096', '123456', '岑辉杨', 0, 1, '2020-06-23 12:42:24'),
(180, '92773097', '123456', '陈昊', 0, 1, '2020-06-23 12:42:24'),
(181, '92773098', '123456', '陈善怡', 0, 1, '2020-06-23 12:42:24'),
(182, '92773099', '123456', '邓永烽', 0, 1, '2020-06-23 12:42:24'),
(183, '92773100', '123456', '甘子健', 0, 1, '2020-06-23 12:42:24'),
(184, '92773101', '123456', '关颖淇', 0, 1, '2020-06-23 12:42:24'),
(185, '92773102', '123456', '侯志林', 0, 1, '2020-06-23 12:42:24'),
(186, '92773103', '123456', '黄冠烨', 0, 1, '2020-06-23 12:42:24'),
(187, '92773104', '123456', '黄浩然', 0, 1, '2020-06-23 12:42:24'),
(188, '92773105', '123456', '黄辉辉', 0, 1, '2020-06-23 12:42:24'),
(189, '92773106', '123456', '黄栩生', 0, 1, '2020-06-23 12:42:24'),
(190, '92773107', '123456', '李潮定', 0, 1, '2020-06-23 12:42:24'),
(191, '92773108', '123456', '李泳坤', 0, 1, '2020-06-23 12:42:24'),
(192, '92773109', '123456', '李雨', 0, 1, '2020-06-23 12:42:24'),
(193, '92773110', '123456', '梁达成', 0, 1, '2020-06-23 12:42:24'),
(194, '92773111', '123456', '梁熳莉', 0, 1, '2020-06-23 12:42:24'),
(195, '92773112', '123456', '梁裕汶', 0, 1, '2020-06-23 12:42:24'),
(196, '92773113', '123456', '梁梓昊', 0, 1, '2020-06-23 12:42:24'),
(197, '92773114', '123456', '林海恩', 0, 1, '2020-06-23 12:42:24'),
(198, '92773115', '123456', '林家民', 0, 1, '2020-06-23 12:42:24'),
(199, '92773116', '123456', '刘萍2', 0, 1, '2020-06-23 12:42:24'),
(200, '92773117', '123456', '刘志成', 0, 1, '2020-06-23 12:42:24'),
(201, '92773118', '123456', '卢昕怡', 0, 1, '2020-06-23 12:42:24'),
(202, '92773119', '123456', '莫靖蕾', 0, 1, '2020-06-23 12:42:24'),
(203, '92773120', '123456', '欧盛华', 0, 1, '2020-06-23 12:42:24'),
(204, '92773121', '123456', '邱晓春', 0, 1, '2020-06-23 12:42:24'),
(205, '92773122', '123456', '区敬衡', 0, 1, '2020-06-23 12:42:24'),
(206, '92773123', '123456', '司徒展豪', 0, 1, '2020-06-23 12:42:24'),
(207, '92773124', '123456', '宋嘉毅', 0, 1, '2020-06-23 12:42:24'),
(208, '92773125', '123456', '苏乐怡', 0, 1, '2020-06-23 12:42:24'),
(209, '92773126', '123456', '谭金慧', 0, 1, '2020-06-23 12:42:24'),
(210, '92773127', '123456', '谭兴龙', 0, 1, '2020-06-23 12:42:24'),
(211, '92777728', '123456', '唐熙炜', 0, 1, '2020-06-23 12:42:24'),
(212, '92777729', '123456', '韦家华', 0, 1, '2020-06-23 12:42:24'),
(213, '92777730', '123456', '闻毅', 0, 1, '2020-06-23 12:42:24'),
(214, '92777731', '123456', '吴颖诗', 0, 1, '2020-06-23 12:42:24'),
(215, '92777732', '123456', '吴云龙', 0, 1, '2020-06-23 12:42:24'),
(216, '92777733', '123456', '冼智杰', 0, 1, '2020-06-23 12:42:24'),
(217, '92777734', '123456', '谢晗雯', 0, 1, '2020-06-23 12:42:24'),
(218, '92777735', '123456', '严海锋', 0, 1, '2020-06-23 12:42:24'),
(219, '92777736', '123456', '杨嘉宁', 0, 1, '2020-06-23 12:42:24'),
(220, '92777737', '123456', '叶梓毅', 0, 1, '2020-06-23 12:42:24'),
(221, '92777738', '123456', '袁文睿', 0, 1, '2020-06-23 12:42:24'),
(222, '92777739', '123456', '袁宇钧', 0, 1, '2020-06-23 12:42:24'),
(223, '92777740', '123456', '郑润炫', 0, 1, '2020-06-23 12:42:24'),
(224, '92777741', '123456', '周凤玲', 0, 1, '2020-06-23 12:42:24'),
(225, '92777742', '123456', '赵绮雯', 0, 1, '2020-06-23 12:42:24'),
(226, '92777743', '123456', '陈俊', 0, 1, '2020-06-23 12:42:24'),
(227, '92777744', '123456', '白铟童', 0, 1, '2020-06-23 12:42:24'),
(228, '92777745', '123456', '蔡嘉裕', 0, 1, '2020-06-23 12:42:24'),
(229, '92777746', '123456', '陈凤仪', 0, 1, '2020-06-23 12:42:24'),
(230, '92777747', '123456', '陈港轩', 0, 1, '2020-06-23 12:42:24'),
(231, '92777748', '123456', '陈军宏', 0, 1, '2020-06-23 12:42:24'),
(232, '92777749', '123456', '陈镁瑶', 0, 1, '2020-06-23 12:42:24'),
(233, '92777750', '123456', '陈晓潼', 0, 1, '2020-06-23 12:42:24'),
(234, '92777751', '123456', '邓翔升', 0, 1, '2020-06-23 12:42:24'),
(235, '92777752', '123456', '范宇文', 0, 1, '2020-06-23 12:42:24'),
(236, '92777753', '123456', '方铟彤', 0, 1, '2020-06-23 12:42:24'),
(237, '92777754', '123456', '龚锦涛', 0, 1, '2020-06-23 12:42:24'),
(238, '92777755', '123456', '龚文德', 0, 1, '2020-06-23 12:42:24'),
(239, '92777756', '123456', '何臻亮', 0, 1, '2020-06-23 12:42:24'),
(240, '92777757', '123456', '胡瑞', 0, 1, '2020-06-23 12:42:24'),
(241, '92777758', '123456', '黄丽华', 0, 1, '2020-06-23 12:42:24'),
(242, '92777759', '123456', '黄琳琳', 0, 1, '2020-06-23 12:42:24'),
(243, '92777760', '123456', '黄淑盈', 0, 1, '2020-06-23 12:42:24'),
(244, '92777761', '123456', '黄莹', 0, 1, '2020-06-23 12:42:24'),
(245, '92777762', '123456', '黄子健', 0, 1, '2020-06-23 12:42:24'),
(246, '92777763', '123456', '蓝英林', 0, 1, '2020-06-23 12:42:24'),
(247, '92777764', '123456', '李柏伟', 0, 1, '2020-06-23 12:42:24'),
(248, '92777765', '123456', '李恒进', 0, 1, '2020-06-23 12:42:24'),
(249, '92777766', '123456', '李佳林', 0, 1, '2020-06-23 12:42:24'),
(250, '92777767', '123456', '李胜', 0, 1, '2020-06-23 12:42:24'),
(251, '92777768', '123456', '李先鹏', 0, 1, '2020-06-23 12:42:24'),
(252, '92777769', '123456', '李小倩', 0, 1, '2020-06-23 12:42:24'),
(253, '92777770', '123456', '梁家绰', 0, 1, '2020-06-23 12:42:24'),
(254, '92777771', '123456', '梁君', 0, 1, '2020-06-23 12:42:24'),
(255, '92777772', '123456', '梁俊杰', 0, 1, '2020-06-23 12:42:24'),
(256, '92777773', '123456', '梁梓然', 0, 1, '2020-06-23 12:42:24'),
(257, '92777774', '123456', '林炜臻', 0, 1, '2020-06-23 12:42:24'),
(258, '92777775', '123456', '林智康', 0, 1, '2020-06-23 12:42:24'),
(259, '92777776', '123456', '卢铭铭', 0, 1, '2020-06-23 12:42:24'),
(260, '92777777', '123456', '罗祖玲', 0, 1, '2020-06-23 12:42:24'),
(261, '92777778', '123456', '麦绮莹', 0, 1, '2020-06-23 12:42:24'),
(262, '92777779', '123456', '欧志斌', 0, 1, '2020-06-23 12:42:24'),
(263, '92777780', '123456', '彭佳', 0, 1, '2020-06-23 12:42:24'),
(264, '92777781', '123456', '彭杰晖', 0, 1, '2020-06-23 12:42:24'),
(265, '92777782', '123456', '区文杰', 0, 1, '2020-06-23 12:42:24'),
(266, '92777783', '123456', '温彤彤', 0, 1, '2020-06-23 12:42:24'),
(267, '92777784', '123456', '萧家雄', 0, 1, '2020-06-23 12:42:24'),
(268, '92777785', '123456', '谢汶坤', 0, 1, '2020-06-23 12:42:24'),
(269, '92777786', '123456', '徐月', 0, 1, '2020-06-23 12:42:24'),
(270, '92777787', '123456', '杨家权', 0, 1, '2020-06-23 12:42:24'),
(271, '92777788', '123456', '杨钰才', 0, 1, '2020-06-23 12:42:24'),
(272, '92777789', '123456', '杨镇旭', 0, 1, '2020-06-23 12:42:24'),
(273, '92777790', '123456', '叶韬', 0, 1, '2020-06-23 12:42:24'),
(274, '92777791', '123456', '张豪', 0, 1, '2020-06-23 12:42:24'),
(275, '92777792', '123456', '郑骏杰', 0, 1, '2020-06-23 12:42:24'),
(276, '92777793', '123456', '郑煜翔', 0, 1, '2020-06-23 12:42:24'),
(277, '92777794', '123456', '卓倩莹', 0, 1, '2020-06-23 12:42:24'),
(278, '92777795', '123456', '陈思霖', 0, 1, '2020-06-23 12:42:24'),
(279, '92777796', '123456', '陈伟贤', 0, 1, '2020-06-23 12:42:24'),
(280, '92777797', '123456', '成林明', 0, 1, '2020-06-23 12:42:24'),
(281, '92777798', '123456', '戴铭锐', 0, 1, '2020-06-23 12:42:24'),
(282, '92777799', '123456', '冯磊', 0, 1, '2020-06-23 12:42:24'),
(283, '92777800', '123456', '甘俊锐', 0, 1, '2020-06-23 12:42:24'),
(284, '92777801', '123456', '关家贝', 0, 1, '2020-06-23 12:42:24'),
(285, '92777802', '123456', '郭钰恒', 0, 1, '2020-06-23 12:42:24'),
(286, '92777803', '123456', '黄婵娟', 0, 1, '2020-06-23 12:42:24'),
(287, '92777804', '123456', '黄楚霞', 0, 1, '2020-06-23 12:42:24'),
(288, '92777805', '123456', '黄琦', 0, 1, '2020-06-23 12:42:24'),
(289, '92777806', '123456', '吉淳熙', 0, 1, '2020-06-23 12:42:24'),
(290, '92777807', '123456', '雷燕', 0, 1, '2020-06-23 12:42:24'),
(291, '92777808', '123456', '李想', 0, 1, '2020-06-23 12:42:24'),
(292, '92777809', '123456', '李玉荣', 0, 1, '2020-06-23 12:42:24'),
(293, '92777810', '123456', '梁石伟', 0, 1, '2020-06-23 12:42:24'),
(294, '92777811', '123456', '梁天恩', 0, 1, '2020-06-23 12:42:24'),
(295, '92777812', '123456', '林隽怡', 0, 1, '2020-06-23 12:42:24'),
(296, '92777813', '123456', '刘思颖', 0, 1, '2020-06-23 12:42:24'),
(297, '92777814', '123456', '卢焯华', 0, 1, '2020-06-23 12:42:24'),
(298, '92777815', '123456', '罗绮琪', 0, 1, '2020-06-23 12:42:24'),
(299, '92777816', '123456', '麦锦婷', 0, 1, '2020-06-23 12:42:24'),
(300, '92777817', '123456', '缪莹镁', 0, 1, '2020-06-23 12:42:24'),
(301, '92777818', '123456', '莫祥超', 0, 1, '2020-06-23 12:42:24'),
(302, '92777819', '123456', '欧嘉进', 0, 1, '2020-06-23 12:42:24'),
(303, '92777820', '123456', '区育玮', 0, 1, '2020-06-23 12:42:24'),
(304, '92777821', '123456', '沈芳婷', 0, 1, '2020-06-23 12:42:24'),
(305, '92777822', '123456', '苏伟才', 0, 1, '2020-06-23 12:42:24'),
(306, '92777823', '123456', '谭乐乐', 0, 1, '2020-06-23 12:42:24'),
(307, '92777824', '123456', '谭锐楷', 0, 1, '2020-06-23 12:42:24'),
(308, '92777825', '123456', '王亚堃', 0, 1, '2020-06-23 12:42:24'),
(309, '92777826', '123456', '王增威', 0, 1, '2020-06-23 12:42:24'),
(310, '92777827', '123456', '吴佳晓', 0, 1, '2020-06-23 12:42:24'),
(311, '92777828', '123456', '吴嘉豪', 0, 1, '2020-06-23 12:42:24'),
(312, '92777829', '123456', '伍磊磊', 0, 1, '2020-06-23 12:42:24'),
(313, '92777830', '123456', '谢增庆', 0, 1, '2020-06-23 12:42:24'),
(314, '92777831', '123456', '徐婕', 0, 1, '2020-06-23 12:42:24'),
(315, '92777832', '123456', '叶李可', 0, 1, '2020-06-23 12:42:24'),
(316, '92777833', '123456', '叶绮晴', 0, 1, '2020-06-23 12:42:24'),
(317, '92777834', '123456', '叶铨', 0, 1, '2020-06-23 12:42:24'),
(318, '92777835', '123456', '叶梓洋1', 0, 1, '2020-06-23 12:42:24'),
(319, '92777836', '123456', '殷茵', 0, 1, '2020-06-23 12:42:24'),
(320, '92777837', '123456', '张群锋', 0, 1, '2020-06-23 12:42:24'),
(321, '92777838', '123456', '张荣欣', 0, 1, '2020-06-23 12:42:24'),
(322, '92777839', '123456', '张世豪', 0, 1, '2020-06-23 12:42:24'),
(323, '92777840', '123456', '张仕盛', 0, 1, '2020-06-23 12:42:24'),
(324, '92777841', '123456', '郑蔚岚', 0, 1, '2020-06-23 12:42:24'),
(325, '92777842', '123456', '钟航', 0, 1, '2020-06-23 12:42:24'),
(326, '92777843', '123456', '周雨恬', 0, 1, '2020-06-23 12:42:24'),
(327, '92777844', '123456', '陈镁淇', 0, 1, '2020-06-23 12:42:24'),
(328, '92777845', '123456', '陈伟图', 0, 1, '2020-06-23 12:42:24'),
(329, '92777846', '123456', '陈小英', 0, 1, '2020-06-23 12:42:24'),
(330, '92777847', '123456', '陈颖浩', 0, 1, '2020-06-23 12:42:24'),
(331, '92777848', '123456', '程琳', 0, 1, '2020-06-23 12:42:24'),
(332, '92777849', '123456', '程思进', 0, 1, '2020-06-23 12:42:24'),
(333, '92777850', '123456', '邓小曼', 0, 1, '2020-06-23 12:42:24'),
(334, '92777851', '123456', '邓小莹', 0, 1, '2020-06-23 12:42:24'),
(335, '92777852', '123456', '邓颖婷', 0, 1, '2020-06-23 12:42:24'),
(336, '92777853', '123456', '丁茂', 0, 1, '2020-06-23 12:42:24'),
(337, '92777854', '123456', '冯培欣', 0, 1, '2020-06-23 12:42:24'),
(338, '92777855', '123456', '冯榆婷', 0, 1, '2020-06-23 12:42:24'),
(339, '92777856', '123456', '甘淑欣', 0, 1, '2020-06-23 12:42:24'),
(340, '92777857', '123456', '郭志强', 0, 1, '2020-06-23 12:42:24'),
(341, '92777858', '123456', '何锐明', 0, 1, '2020-06-23 12:42:24'),
(342, '92777859', '123456', '李雪', 0, 1, '2020-06-23 12:42:24'),
(343, '92777860', '123456', '李宜蔓', 0, 1, '2020-06-23 12:42:24'),
(344, '92777861', '123456', '梁可盈', 0, 1, '2020-06-23 12:42:24'),
(345, '92777862', '123456', '梁绮琳', 0, 1, '2020-06-23 12:42:24'),
(346, '92777863', '123456', '梁少燕', 0, 1, '2020-06-23 12:42:24'),
(347, '92777864', '123456', '梁淑娴', 0, 1, '2020-06-23 12:42:24'),
(348, '92777865', '123456', '梁芷晴', 0, 1, '2020-06-23 12:42:24'),
(349, '92777866', '123456', '林惠坪', 0, 1, '2020-06-23 12:42:24'),
(350, '92777867', '123456', '林嘉怡', 0, 1, '2020-06-23 12:42:24'),
(351, '92777868', '123456', '罗茂森', 0, 1, '2020-06-23 12:42:24'),
(352, '92777869', '123456', '聂淑仪', 0, 1, '2020-06-23 12:42:24'),
(353, '92777870', '123456', '欧敏瑜', 0, 1, '2020-06-23 12:42:24'),
(354, '92777871', '123456', '阮伟珊', 0, 1, '2020-06-23 12:42:24'),
(355, '92777872', '123456', '帅艳', 0, 1, '2020-06-23 12:42:24'),
(356, '92777873', '123456', '苏美妍', 0, 1, '2020-06-23 12:42:24'),
(357, '92777874', '123456', '王丽婷2', 0, 1, '2020-06-23 12:42:24'),
(358, '92777875', '123456', '王宇桓', 0, 1, '2020-06-23 12:42:24'),
(359, '92777876', '123456', '翁韵倩', 0, 1, '2020-06-23 12:42:24'),
(360, '92777877', '123456', '吴婉琳', 0, 1, '2020-06-23 12:42:24'),
(361, '92777878', '123456', '吴苑岚', 0, 1, '2020-06-23 12:42:24'),
(362, '92777879', '123456', '肖向明', 0, 1, '2020-06-23 12:42:24'),
(363, '92777880', '123456', '熊婧', 0, 1, '2020-06-23 12:42:24'),
(364, '92777881', '123456', '徐国政', 0, 1, '2020-06-23 12:42:24'),
(365, '92777882', '123456', '杨丽楠', 0, 1, '2020-06-23 12:42:24'),
(366, '92777883', '123456', '杨仪萍', 0, 1, '2020-06-23 12:42:24'),
(367, '92777884', '123456', '张世银', 0, 1, '2020-06-23 12:42:24'),
(368, '92777885', '123456', '张咏欣', 0, 1, '2020-06-23 12:42:24'),
(369, '92777886', '123456', '张芷玮', 0, 1, '2020-06-23 12:42:24'),
(370, '92777887', '123456', '周铭淋', 0, 1, '2020-06-23 12:42:24'),
(371, '92777888', '123456', '陈熙', 0, 1, '2020-06-23 12:42:24'),
(372, '92777889', '123456', '蔡景涛', 0, 1, '2020-06-23 12:42:24'),
(373, '92777890', '123456', '蔡馨怡', 0, 1, '2020-06-23 12:42:24'),
(374, '92777891', '123456', '陈冰瑜', 0, 1, '2020-06-23 12:42:24'),
(375, '92777892', '123456', '陈筱岚', 0, 1, '2020-06-23 12:42:24'),
(376, '92777893', '123456', '陈颖', 0, 1, '2020-06-23 12:42:24'),
(377, '92777894', '123456', '陈映君', 0, 1, '2020-06-23 12:42:24'),
(378, '92777895', '123456', '丁雨轩', 0, 1, '2020-06-23 12:42:24'),
(379, '92777896', '123456', '冯雅伦', 0, 1, '2020-06-23 12:42:24'),
(380, '92777897', '123456', '甘悦', 0, 1, '2020-06-23 12:42:24'),
(381, '92777898', '123456', '何杰', 0, 1, '2020-06-23 12:42:24'),
(382, '92777899', '123456', '何婉婷', 0, 1, '2020-06-23 12:42:24'),
(383, '92777900', '123456', '蒋昊凌', 0, 1, '2020-06-23 12:42:24'),
(384, '92777901', '123456', '蓝炜', 0, 1, '2020-06-23 12:42:24'),
(385, '92777902', '123456', '李昊昕', 0, 1, '2020-06-23 12:42:24'),
(386, '92777903', '123456', '李婉莹', 0, 1, '2020-06-23 12:42:24'),
(387, '92777904', '123456', '李钊言', 0, 1, '2020-06-23 12:42:24'),
(388, '92777905', '123456', '梁海珊', 0, 1, '2020-06-23 12:42:24'),
(389, '92777906', '123456', '梁万冲', 0, 1, '2020-06-23 12:42:24'),
(390, '92777907', '123456', '梁伟斌', 0, 1, '2020-06-23 12:42:24'),
(391, '92777908', '123456', '林昱廷', 0, 1, '2020-06-23 12:42:24'),
(392, '92777909', '123456', '刘惠玲', 0, 1, '2020-06-23 12:42:24'),
(393, '92777910', '123456', '刘鑫旖', 0, 1, '2020-06-23 12:42:24'),
(394, '92777911', '123456', '刘椅华', 0, 1, '2020-06-23 12:42:24'),
(395, '92777912', '123456', '刘梓焮', 0, 1, '2020-06-23 12:42:24'),
(396, '92777913', '123456', '龙美洁', 0, 1, '2020-06-23 12:42:24'),
(397, '92777914', '123456', '龙中睿', 0, 1, '2020-06-23 12:42:24'),
(398, '92777915', '123456', '卢如楚', 0, 1, '2020-06-23 12:42:24'),
(399, '92777916', '123456', '罗宏宇', 0, 1, '2020-06-23 12:42:24'),
(400, '92777917', '123456', '罗家俊', 0, 1, '2020-06-23 12:42:24'),
(401, '92777918', '123456', '罗莎', 0, 1, '2020-06-23 12:42:24'),
(402, '92777919', '123456', '潘静仪', 0, 1, '2020-06-23 12:42:24'),
(403, '92777920', '123456', '彭德光', 0, 1, '2020-06-23 12:42:24'),
(404, '92777921', '123456', '丘婷', 0, 1, '2020-06-23 12:42:24'),
(405, '92777922', '123456', '沈依敏', 0, 1, '2020-06-23 12:42:24'),
(406, '92777923', '123456', '沈颖熙', 0, 1, '2020-06-23 12:42:24'),
(407, '92777924', '123456', '宋翠灵', 0, 1, '2020-06-23 12:42:24'),
(408, '92777925', '123456', '苏颖怡', 0, 1, '2020-06-23 12:42:24'),
(409, '92777926', '123456', '孙嘉欣', 0, 1, '2020-06-23 12:42:24'),
(410, '92777927', '123456', '孙乐弦', 0, 1, '2020-06-23 12:42:24'),
(411, '92777928', '123456', '覃琪琪', 0, 1, '2020-06-23 12:42:24'),
(412, '92777929', '123456', '覃文勇', 0, 1, '2020-06-23 12:42:24'),
(413, '92777930', '123456', '卫慧芳', 0, 1, '2020-06-23 12:42:24'),
(414, '92777931', '123456', '魏静宜', 0, 1, '2020-06-23 12:42:24'),
(415, '92777932', '123456', '温柳婵', 0, 1, '2020-06-23 12:42:24'),
(416, '92777933', '123456', '吴淑铟', 0, 1, '2020-06-23 12:42:24'),
(417, '92777934', '123456', '冼灵锋', 0, 1, '2020-06-23 12:42:24'),
(418, '92777935', '123456', '肖焯莹', 0, 1, '2020-06-23 12:42:24'),
(419, '92777936', '123456', '姚颖欣', 0, 1, '2020-06-23 12:42:24'),
(420, '92777937', '123456', '袁铭伟', 0, 1, '2020-06-23 12:42:24'),
(421, '92777938', '123456', '袁子弘', 0, 1, '2020-06-23 12:42:24'),
(422, '92777939', '123456', '张淑贤', 0, 1, '2020-06-23 12:42:24'),
(423, '92777940', '123456', '张欣桐', 0, 1, '2020-06-23 12:42:24'),
(424, '92777941', '123456', '郑少煜', 0, 1, '2020-06-23 12:42:24'),
(425, '92777942', '123456', '周丽链', 0, 1, '2020-06-23 12:42:24'),
(426, '92777943', '123456', '周琪朗', 0, 1, '2020-06-23 12:42:24'),
(427, '92777944', '123456', '周梓莹', 0, 1, '2020-06-23 12:42:24'),
(428, '92777945', '123456', '邹依潼', 0, 1, '2020-06-23 12:42:24'),
(429, '92777946', '123456', '蔡乐仪', 0, 1, '2020-06-23 12:42:24'),
(430, '92777947', '123456', '蔡荣臻', 0, 1, '2020-06-23 12:42:24'),
(431, '92777948', '123456', '陈翠华', 0, 1, '2020-06-23 12:42:24'),
(432, '92777949', '123456', '陈可蓉', 0, 1, '2020-06-23 12:42:24'),
(433, '92777950', '123456', '陈洛怡', 0, 1, '2020-06-23 12:42:24'),
(434, '92777951', '123456', '陈晓琳1', 0, 1, '2020-06-23 12:42:24'),
(435, '92777952', '123456', '陈阳', 0, 1, '2020-06-23 12:42:24'),
(436, '92777953', '123456', '陈依琪', 0, 1, '2020-06-23 12:42:24'),
(437, '92777954', '123456', '陈莹姗', 0, 1, '2020-06-23 12:42:24'),
(438, '92777955', '123456', '陈紫珊', 0, 1, '2020-06-23 12:42:24'),
(439, '92777956', '123456', '邓晓晴', 0, 1, '2020-06-23 12:42:24'),
(440, '92777957', '123456', '樊宇健', 0, 1, '2020-06-23 12:42:24'),
(441, '92777958', '123456', '甘欣', 0, 1, '2020-06-23 12:42:24'),
(442, '92777959', '123456', '郭伟添', 0, 1, '2020-06-23 12:42:24'),
(443, '92777960', '123456', '何伟俊', 0, 1, '2020-06-23 12:42:24'),
(444, '92777961', '123456', '何欣婷', 0, 1, '2020-06-23 12:42:24'),
(445, '92777962', '123456', '黄楚倩', 0, 1, '2020-06-23 12:42:24'),
(446, '92777963', '123456', '黄鼎中', 0, 1, '2020-06-23 12:42:24'),
(447, '92777964', '123456', '黄铭桦', 0, 1, '2020-06-23 12:42:24'),
(448, '92777965', '123456', '黄晓彤', 0, 1, '2020-06-23 12:42:24'),
(449, '92777966', '123456', '黄志浩', 0, 1, '2020-06-23 12:42:24'),
(450, '92777967', '123456', '李德青', 0, 1, '2020-06-23 12:42:24'),
(451, '92777968', '123456', '李佳莹', 0, 1, '2020-06-23 12:42:24'),
(452, '92777969', '123456', '李嘉敏', 0, 1, '2020-06-23 12:42:24'),
(453, '92777970', '123456', '李绮婷', 0, 1, '2020-06-23 12:42:24'),
(454, '92777971', '123456', '李莹怡', 0, 1, '2020-06-23 12:42:24'),
(455, '92777972', '123456', '李治坤', 0, 1, '2020-06-23 12:42:24'),
(456, '92777973', '123456', '梁采华', 0, 1, '2020-06-23 12:42:24'),
(457, '92777974', '123456', '梁可诺', 0, 1, '2020-06-23 12:42:24'),
(458, '92777975', '123456', '梁艺诗', 0, 1, '2020-06-23 12:42:24'),
(459, '92777976', '123456', '林楚懿', 0, 1, '2020-06-23 12:42:24'),
(460, '92777977', '123456', '林荣婷', 0, 1, '2020-06-23 12:42:24'),
(461, '92777978', '123456', '林馨', 0, 1, '2020-06-23 12:42:24'),
(462, '92777979', '123456', '林子聪', 0, 1, '2020-06-23 12:42:24'),
(463, '92777980', '123456', '刘璇越', 0, 1, '2020-06-23 12:42:24'),
(464, '92777981', '123456', '龙悦悦', 0, 1, '2020-06-23 12:42:24'),
(465, '92777982', '123456', '罗钦元', 0, 1, '2020-06-23 12:42:24'),
(466, '92777983', '123456', '罗鑫', 0, 1, '2020-06-23 12:42:24'),
(467, '92777984', '123456', '马月婷', 0, 1, '2020-06-23 12:42:24'),
(468, '92777985', '123456', '宁琳', 0, 1, '2020-06-23 12:42:24'),
(469, '92777986', '123456', '欧铠臻', 0, 1, '2020-06-23 12:42:24'),
(470, '92777987', '123456', '秦涛', 0, 1, '2020-06-23 12:42:24'),
(471, '92777988', '123456', '阮泽锋', 0, 1, '2020-06-23 12:42:24'),
(472, '92777989', '123456', '唐依澄', 0, 1, '2020-06-23 12:42:24'),
(473, '92777990', '123456', '王菲', 0, 1, '2020-06-23 12:42:24'),
(474, '92777991', '123456', '王铭蔚', 0, 1, '2020-06-23 12:42:24'),
(475, '92777992', '123456', '吴锐权', 0, 1, '2020-06-23 12:42:24'),
(476, '92777993', '123456', '吴怡', 0, 1, '2020-06-23 12:42:25'),
(477, '92777994', '123456', '肖伟勋', 0, 1, '2020-06-23 12:42:25'),
(478, '92777995', '123456', '谢榕榕', 0, 1, '2020-06-23 12:42:25'),
(479, '92777996', '123456', '许德铭', 0, 1, '2020-06-23 12:42:25'),
(480, '92777997', '123456', '袁顺意', 0, 1, '2020-06-23 12:42:25'),
(481, '92777998', '123456', '袁艺铨', 0, 1, '2020-06-23 12:42:25'),
(482, '92777999', '123456', '张广英', 0, 1, '2020-06-23 12:42:25'),
(483, '92778000', '123456', '钟梓铭', 0, 1, '2020-06-23 12:42:25'),
(484, '92778001', '123456', '周倩怡', 0, 1, '2020-06-23 12:42:25'),
(485, '92778002', '123456', '周晓彤', 0, 1, '2020-06-23 12:42:25'),
(486, '92778003', '123456', '朱梅芳', 0, 1, '2020-06-23 12:42:25'),
(487, '92778004', '123456', '曾晓文', 0, 1, '2020-06-23 12:42:25'),
(488, '92778005', '123456', '曾雅静', 0, 1, '2020-06-23 12:42:25'),
(489, '92778006', '123456', '陈君正', 0, 1, '2020-06-23 12:42:25'),
(490, '92778007', '123456', '陈莹莹', 0, 1, '2020-06-23 12:42:25'),
(491, '92778008', '123456', '邓小倩', 0, 1, '2020-06-23 12:42:25'),
(492, '92778009', '123456', '邓英紫', 0, 1, '2020-06-23 12:42:25'),
(493, '92778010', '123456', '冯海潮', 0, 1, '2020-06-23 12:42:25'),
(494, '92778011', '123456', '何欣怩', 0, 1, '2020-06-23 12:42:25'),
(495, '92778012', '123456', '何咏怡', 0, 1, '2020-06-23 12:42:25'),
(496, '92778013', '123456', '何雨恩', 0, 1, '2020-06-23 12:42:25'),
(497, '92778014', '123456', '贺柔情', 0, 1, '2020-06-23 12:42:25'),
(498, '92778015', '123456', '侯迎秋', 0, 1, '2020-06-23 12:42:25'),
(499, '92778016', '123456', '胡乐', 0, 1, '2020-06-23 12:42:25'),
(500, '92778017', '123456', '胡星雨', 0, 1, '2020-06-23 12:42:25'),
(501, '92778018', '123456', '黄光梅', 0, 1, '2020-06-23 12:42:25'),
(502, '92778019', '123456', '黄慧文', 0, 1, '2020-06-23 12:42:25'),
(503, '92778020', '123456', '黄钧浩', 0, 1, '2020-06-23 12:42:25'),
(504, '92778021', '123456', '黄墁莉', 0, 1, '2020-06-23 12:42:25'),
(505, '92778022', '123456', '黄昕玥', 0, 1, '2020-06-23 12:42:25'),
(506, '92778023', '123456', '黄镇熙', 0, 1, '2020-06-23 12:42:25'),
(507, '92778024', '123456', '嵇玮妮', 0, 1, '2020-06-23 12:42:25'),
(508, '92778025', '123456', '赖颖昕', 0, 1, '2020-06-23 12:42:25'),
(509, '92778026', '123456', '赖源', 0, 1, '2020-06-23 12:42:25'),
(510, '92778027', '123456', '赖泽平', 0, 1, '2020-06-23 12:42:25'),
(511, '92778028', '123456', '黎嘉欣', 0, 1, '2020-06-23 12:42:25'),
(512, '92778029', '123456', '李小婷', 0, 1, '2020-06-23 12:42:25'),
(513, '92778030', '123456', '李泳诗', 0, 1, '2020-06-23 12:42:25'),
(514, '92778031', '123456', '梁惠霞', 0, 1, '2020-06-23 12:42:25'),
(515, '92778032', '123456', '梁婉意', 0, 1, '2020-06-23 12:42:25'),
(516, '92778033', '123456', '梁燕珊', 0, 1, '2020-06-23 12:42:25'),
(517, '92778034', '123456', '梁颖铧', 0, 1, '2020-06-23 12:42:25'),
(518, '92778035', '123456', '林建邦', 0, 1, '2020-06-23 12:42:25'),
(519, '92778036', '123456', '林杏子', 0, 1, '2020-06-23 12:42:25'),
(520, '92778037', '123456', '刘踔', 0, 1, '2020-06-23 12:42:25'),
(521, '92778038', '123456', '陆巧爱', 0, 1, '2020-06-23 12:42:25'),
(522, '92778039', '123456', '麦嘉盈', 0, 1, '2020-06-23 12:42:25'),
(523, '92778040', '123456', '麦洁屏', 0, 1, '2020-06-23 12:42:25'),
(524, '92778041', '123456', '麦梓贤', 0, 1, '2020-06-23 12:42:25'),
(525, '92778042', '123456', '欧键龙', 0, 1, '2020-06-23 12:42:25'),
(526, '92778043', '123456', '潘可依', 0, 1, '2020-06-23 12:42:25'),
(527, '92778044', '123456', '区婉绫', 0, 1, '2020-06-23 12:42:25'),
(528, '92778045', '123456', '饶志谦', 0, 1, '2020-06-23 12:42:25'),
(529, '92778046', '123456', '史恒轩', 0, 1, '2020-06-23 12:42:25'),
(530, '92778047', '123456', '王天弟', 0, 1, '2020-06-23 12:42:25'),
(531, '92778048', '123456', '吴昊熹', 0, 1, '2020-06-23 12:42:25'),
(532, '92778049', '123456', '吴佳玲', 0, 1, '2020-06-23 12:42:25'),
(533, '92778050', '123456', '吴晓璐', 0, 1, '2020-06-23 12:42:25'),
(534, '92778051', '123456', '萧衍乔', 0, 1, '2020-06-23 12:42:25'),
(535, '92778052', '123456', '谢玲雨', 0, 1, '2020-06-23 12:42:25'),
(536, '92778053', '123456', '徐天福', 0, 1, '2020-06-23 12:42:25'),
(537, '92778054', '123456', '严粤生', 0, 1, '2020-06-23 12:42:25'),
(538, '92778055', '123456', '杨颖祺', 0, 1, '2020-06-23 12:42:25'),
(539, '92778056', '123456', '叶森', 0, 1, '2020-06-23 12:42:25'),
(540, '92778057', '123456', '游亚楠', 0, 1, '2020-06-23 12:42:25'),
(541, '92778058', '123456', '张净丞', 0, 1, '2020-06-23 12:42:25'),
(542, '92778059', '123456', '郑均锐', 0, 1, '2020-06-23 12:42:25'),
(543, '92778060', '123456', '周敏程', 0, 1, '2020-06-23 12:42:25'),
(544, '92778061', '123456', '蔡锐敏', 0, 1, '2020-06-23 12:42:25'),
(545, '92778062', '123456', '蔡树叶', 0, 1, '2020-06-23 12:42:25'),
(546, '92778063', '123456', '陈丽水', 0, 1, '2020-06-23 12:42:25'),
(547, '92778064', '123456', '陈玲果', 0, 1, '2020-06-23 12:42:25'),
(548, '92778065', '123456', '陈秋铃', 0, 1, '2020-06-23 12:42:25'),
(549, '92778066', '123456', '陈晓琳2', 0, 1, '2020-06-23 12:42:25'),
(550, '92778067', '123456', '冯璐', 0, 1, '2020-06-23 12:42:25'),
(551, '92778068', '123456', '郭燕敏', 0, 1, '2020-06-23 12:42:25'),
(552, '92778069', '123456', '何慧敏', 0, 1, '2020-06-23 12:42:25'),
(553, '92778070', '123456', '何韵诗', 0, 1, '2020-06-23 12:42:25'),
(554, '92778071', '123456', '何芷晴', 0, 1, '2020-06-23 12:42:25'),
(555, '92778072', '123456', '黄静云', 0, 1, '2020-06-23 12:42:25'),
(556, '92778073', '123456', '黄炜婷', 0, 1, '2020-06-23 12:42:25'),
(557, '92778074', '123456', '黄晓虹', 0, 1, '2020-06-23 12:42:25'),
(558, '92778075', '123456', '黄泳诗', 0, 1, '2020-06-23 12:42:25'),
(559, '92778076', '123456', '江静文', 0, 1, '2020-06-23 12:42:25'),
(560, '92778077', '123456', '蒋伟', 0, 1, '2020-06-23 12:42:25'),
(561, '92778078', '123456', '蒋欣萍', 0, 1, '2020-06-23 12:42:25'),
(562, '92778079', '123456', '匡亚茜', 0, 1, '2020-06-23 12:42:25'),
(563, '92778080', '123456', '兰楠', 0, 1, '2020-06-23 12:42:25'),
(564, '92778081', '123456', '雷希桐', 0, 1, '2020-06-23 12:42:25'),
(565, '92778082', '123456', '黎家诚', 0, 1, '2020-06-23 12:42:25'),
(566, '92778083', '123456', '李佳乐', 0, 1, '2020-06-23 12:42:25'),
(567, '92778084', '123456', '李佳馨', 0, 1, '2020-06-23 12:42:25'),
(568, '92778085', '123456', '李佳艺', 0, 1, '2020-06-23 12:42:25'),
(569, '92778086', '123456', '李乐', 0, 1, '2020-06-23 12:42:25'),
(570, '92778087', '123456', '李伟铖', 0, 1, '2020-06-23 12:42:25'),
(571, '92778088', '123456', '梁乐怡', 0, 1, '2020-06-23 12:42:25'),
(572, '92778089', '123456', '梁伟生', 0, 1, '2020-06-23 12:42:25'),
(573, '92778090', '123456', '梁晰雯', 0, 1, '2020-06-23 12:42:25'),
(574, '92778091', '123456', '梁燕媚', 0, 1, '2020-06-23 12:42:25'),
(575, '92778092', '123456', '廖乐茹', 0, 1, '2020-06-23 12:42:25'),
(576, '92778093', '123456', '林佳', 0, 1, '2020-06-23 12:42:25'),
(577, '92778094', '123456', '刘晓枫', 0, 1, '2020-06-23 12:42:25'),
(578, '92778095', '123456', '卢银婷', 0, 1, '2020-06-23 12:42:25'),
(579, '92778096', '123456', '卢钰娴', 0, 1, '2020-06-23 12:42:25'),
(580, '92778097', '123456', '罗小英', 0, 1, '2020-06-23 12:42:25'),
(581, '92778098', '123456', '麦钰怡', 0, 1, '2020-06-23 12:42:25'),
(582, '92778099', '123456', '莫君然', 0, 1, '2020-06-23 12:42:25'),
(583, '92778100', '123456', '欧紫迎', 0, 1, '2020-06-23 12:42:25'),
(584, '92778101', '123456', '邱琦', 0, 1, '2020-06-23 12:42:25'),
(585, '92778102', '123456', '苏敏婷', 0, 1, '2020-06-23 12:42:25'),
(586, '92778103', '123456', '王丽婷1', 0, 1, '2020-06-23 12:42:25'),
(587, '92778104', '123456', '王雅琴', 0, 1, '2020-06-23 12:42:25'),
(588, '92778105', '123456', '吴佳颖', 0, 1, '2020-06-23 12:42:25'),
(589, '92778106', '123456', '吴婉莹', 0, 1, '2020-06-23 12:42:25'),
(590, '92778107', '123456', '吴樱雪', 0, 1, '2020-06-23 12:42:25'),
(591, '92778108', '123456', '吴颖琳', 0, 1, '2020-06-23 12:42:25'),
(592, '92778109', '123456', '杨丽琼', 0, 1, '2020-06-23 12:42:25'),
(593, '92778110', '123456', '张慧华', 0, 1, '2020-06-23 12:42:25'),
(594, '92778111', '123456', '张楠', 0, 1, '2020-06-23 12:42:25'),
(595, '92778112', '123456', '郑乃森', 0, 1, '2020-06-23 12:42:25'),
(596, '92778113', '123456', '郑琦褀', 0, 1, '2020-06-23 12:42:25'),
(597, '92778114', '123456', '钟宛君', 0, 1, '2020-06-23 12:42:25'),
(598, '92778115', '123456', '周海青', 0, 1, '2020-06-23 12:42:25'),
(599, '92778116', '123456', '周晶晶', 0, 1, '2020-06-23 12:42:25'),
(600, '92778117', '123456', '周鑫', 0, 1, '2020-06-23 12:42:25'),
(601, '92778118', '123456', '陈敏诗', 0, 1, '2020-06-23 12:42:25'),
(602, '92778119', '123456', '冯曦莹', 0, 1, '2020-06-23 12:42:25'),
(603, '92778120', '123456', '古志雄', 0, 1, '2020-06-23 12:42:25'),
(604, '92778121', '123456', '郭宝盈', 0, 1, '2020-06-23 12:42:25'),
(605, '92778122', '123456', '何惟佳', 0, 1, '2020-06-23 12:42:25'),
(606, '92778123', '123456', '何晓雯', 0, 1, '2020-06-23 12:42:25'),
(607, '92778124', '123456', '何延棉', 0, 1, '2020-06-23 12:42:25'),
(608, '92778125', '123456', '黄敏华', 0, 1, '2020-06-23 12:42:25'),
(609, '92778126', '123456', '黄心怡', 0, 1, '2020-06-23 12:42:25'),
(610, '92778127', '123456', '黄梓璐', 0, 1, '2020-06-23 12:42:25'),
(611, '92778128', '123456', '赖佳荧', 0, 1, '2020-06-23 12:42:25'),
(612, '92778129', '123456', '赖文俊', 0, 1, '2020-06-23 12:42:25'),
(613, '92778130', '123456', '李萱', 0, 1, '2020-06-23 12:42:25'),
(614, '92778131', '123456', '练嘉骏', 0, 1, '2020-06-23 12:42:25'),
(615, '92778132', '123456', '梁俊', 0, 1, '2020-06-23 12:42:25'),
(616, '92778133', '123456', '梁婷', 0, 1, '2020-06-23 12:42:25'),
(617, '92778134', '123456', '梁盈', 0, 1, '2020-06-23 12:42:25'),
(618, '92778135', '123456', '梁梓晴', 0, 1, '2020-06-23 12:42:25'),
(619, '92778136', '123456', '廖莹莹', 0, 1, '2020-06-23 12:42:25'),
(620, '92778137', '123456', '林洋洋', 0, 1, '2020-06-23 12:42:25'),
(621, '92778138', '123456', '林芷名', 0, 1, '2020-06-23 12:42:25'),
(622, '92778139', '123456', '刘佳丽', 0, 1, '2020-06-23 12:42:25'),
(623, '92778140', '123456', '刘晓楠', 0, 1, '2020-06-23 12:42:25'),
(624, '92778141', '123456', '刘钰瑜', 0, 1, '2020-06-23 12:42:25'),
(625, '92778142', '123456', '卢欣欣', 0, 1, '2020-06-23 12:42:25'),
(626, '92778143', '123456', '卢韵诗', 0, 1, '2020-06-23 12:42:25'),
(627, '92778144', '123456', '钱佳意', 0, 1, '2020-06-23 12:42:25'),
(628, '92778145', '123456', '邵佳欢', 0, 1, '2020-06-23 12:42:25'),
(629, '92778146', '123456', '申茜', 0, 1, '2020-06-23 12:42:25'),
(630, '92778147', '123456', '石凤怡', 0, 1, '2020-06-23 12:42:25'),
(631, '92778148', '123456', '苏锐怡', 0, 1, '2020-06-23 12:42:25'),
(632, '92778149', '123456', '谭诗琪', 0, 1, '2020-06-23 12:42:25'),
(633, '92778150', '123456', '谭素蕾', 0, 1, '2020-06-23 12:42:25'),
(634, '92778151', '123456', '王彩玉', 0, 1, '2020-06-23 12:42:25'),
(635, '92778152', '123456', '文梓聪', 0, 1, '2020-06-23 12:42:25'),
(636, '92778153', '123456', '吴敏莉', 0, 1, '2020-06-23 12:42:25'),
(637, '92778154', '123456', '吴诗晴', 0, 1, '2020-06-23 12:42:25'),
(638, '92778155', '123456', '吴星芸', 0, 1, '2020-06-23 12:42:25'),
(639, '92778156', '123456', '冼昊', 0, 1, '2020-06-23 12:42:25'),
(640, '92778157', '123456', '向余鑫', 0, 1, '2020-06-23 12:42:25'),
(641, '92778158', '123456', '肖雨琪', 0, 1, '2020-06-23 12:42:25'),
(642, '92778159', '123456', '杨小清', 0, 1, '2020-06-23 12:42:25'),
(643, '92778160', '123456', '杨紫欣', 0, 1, '2020-06-23 12:42:25'),
(644, '92778161', '123456', '叶漫鈃', 0, 1, '2020-06-23 12:42:25'),
(645, '92778162', '123456', '张开铿', 0, 1, '2020-06-23 12:42:25'),
(646, '92778163', '123456', '张乐怡', 0, 1, '2020-06-23 12:42:25'),
(647, '92778164', '123456', '赵丽婷', 0, 1, '2020-06-23 12:42:25'),
(648, '92778165', '123456', '徐艺', 0, 1, '2020-06-23 12:42:25'),
(649, '92778166', '123456', '陈慧珊', 0, 1, '2020-06-23 12:42:25'),
(650, '92778167', '123456', '邓玲', 0, 1, '2020-06-23 12:42:25'),
(651, '92778168', '123456', '范雅萍', 0, 1, '2020-06-23 12:42:25'),
(652, '92778169', '123456', '冯嘉祺', 0, 1, '2020-06-23 12:42:25'),
(653, '92778170', '123456', '冯子玲', 0, 1, '2020-06-23 12:42:25'),
(654, '92778171', '123456', '甘明睿', 0, 1, '2020-06-23 12:42:25'),
(655, '92778172', '123456', '关伟乐', 0, 1, '2020-06-23 12:42:25'),
(656, '92778173', '123456', '郭柱华', 0, 1, '2020-06-23 12:42:25'),
(657, '92778174', '123456', '洪凡雅', 0, 1, '2020-06-23 12:42:25'),
(658, '92778175', '123456', '黄海燕', 0, 1, '2020-06-23 12:42:25'),
(659, '92778176', '123456', '黄嘉怡', 0, 1, '2020-06-23 12:42:25'),
(660, '92778177', '123456', '黄英杰', 0, 1, '2020-06-23 12:42:25'),
(661, '92778178', '123456', '黄枝华', 0, 1, '2020-06-23 12:42:25'),
(662, '92778179', '123456', '金爽爽', 0, 1, '2020-06-23 12:42:25'),
(663, '92778180', '123456', '梁汉民', 0, 1, '2020-06-23 12:42:25'),
(664, '92778181', '123456', '梁乐然', 0, 1, '2020-06-23 12:42:25'),
(665, '92778182', '123456', '梁倩怡', 0, 1, '2020-06-23 12:42:25'),
(666, '92778183', '123456', '梁炜欣', 0, 1, '2020-06-23 12:42:25'),
(667, '92778184', '123456', '梁芯月', 0, 1, '2020-06-23 12:42:25'),
(668, '92778185', '123456', '梁译婷', 0, 1, '2020-06-23 12:42:25'),
(669, '92778186', '123456', '林敏莹', 0, 1, '2020-06-23 12:42:25'),
(670, '92778187', '123456', '刘钧皓', 0, 1, '2020-06-23 12:42:25'),
(671, '92778188', '123456', '刘小榆', 0, 1, '2020-06-23 12:42:25'),
(672, '92778189', '123456', '卢姿', 0, 1, '2020-06-23 12:42:25'),
(673, '92778190', '123456', '陆英杰', 0, 1, '2020-06-23 12:42:25'),
(674, '92778191', '123456', '陆雨婷', 0, 1, '2020-06-23 12:42:25'),
(675, '92778192', '123456', '罗吉', 0, 1, '2020-06-23 12:42:25'),
(676, '92778193', '123456', '马瑞婷', 0, 1, '2020-06-23 12:42:25'),
(677, '92778194', '123456', '麦淑滢', 0, 1, '2020-06-23 12:42:25'),
(678, '92778195', '123456', '区艳浈', 0, 1, '2020-06-23 12:42:25'),
(679, '92778196', '123456', '邵琬玲', 0, 1, '2020-06-23 12:42:25'),
(680, '92778197', '123456', '苏倩影', 0, 1, '2020-06-23 12:42:25'),
(681, '92778198', '123456', '孙翠珊', 0, 1, '2020-06-23 12:42:25'),
(682, '92778199', '123456', '谭锦云', 0, 1, '2020-06-23 12:42:25'),
(683, '92778200', '123456', '汤展俊', 0, 1, '2020-06-23 12:42:25'),
(684, '92778201', '123456', '温子杰', 0, 1, '2020-06-23 12:42:25'),
(685, '92778202', '123456', '吴蔓研', 0, 1, '2020-06-23 12:42:25'),
(686, '92778203', '123456', '吴敏怡', 0, 1, '2020-06-23 12:42:25'),
(687, '92778204', '123456', '吴舒雅', 0, 1, '2020-06-23 12:42:25'),
(688, '92778205', '123456', '肖柏林', 0, 1, '2020-06-23 12:42:25'),
(689, '92778206', '123456', '徐曼晴', 0, 1, '2020-06-23 12:42:25'),
(690, '92778207', '123456', '颜启华', 0, 1, '2020-06-23 12:42:25'),
(691, '92778208', '123456', '杨琳', 0, 1, '2020-06-23 12:42:25'),
(692, '92778209', '123456', '姚淋月', 0, 1, '2020-06-23 12:42:25'),
(693, '92778210', '123456', '尹骞珮', 0, 1, '2020-06-23 12:42:25'),
(694, '92778211', '123456', '张旻曦', 0, 1, '2020-06-23 12:42:25'),
(695, '92778212', '123456', '郑梓娜', 0, 1, '2020-06-23 12:42:25'),
(696, '92778213', '123456', '周凯滢', 0, 1, '2020-06-23 12:42:25'),
(697, '92778214', '123456', '左伊欣', 0, 1, '2020-06-23 12:42:25'),
(698, '92778215', '123456', '蔡晓晴', 0, 1, '2020-06-23 12:42:25'),
(699, '92778216', '123456', '曾美媛', 0, 1, '2020-06-23 12:42:25'),
(700, '92778217', '123456', '曾晓楠', 0, 1, '2020-06-23 12:42:25'),
(701, '92778218', '123456', '陈钞', 0, 1, '2020-06-23 12:42:25'),
(702, '92778219', '123456', '陈冠铜', 0, 1, '2020-06-23 12:42:25'),
(703, '92778220', '123456', '陈嘉虹', 0, 1, '2020-06-23 12:42:25'),
(704, '92778221', '123456', '陈俊杰', 0, 1, '2020-06-23 12:42:25'),
(705, '92778222', '123456', '陈善贤', 0, 1, '2020-06-23 12:42:25'),
(706, '92778223', '123456', '陈文朗', 0, 1, '2020-06-23 12:42:25'),
(707, '92778224', '123456', '冯静雯', 0, 1, '2020-06-23 12:42:25'),
(708, '92778225', '123456', '高世佑', 0, 1, '2020-06-23 12:42:25'),
(709, '92778226', '123456', '郭耀林', 0, 1, '2020-06-23 12:42:25'),
(710, '92778227', '123456', '侯博森', 0, 1, '2020-06-23 12:42:25'),
(711, '92778228', '123456', '侯鑫雨', 0, 1, '2020-06-23 12:42:25'),
(712, '92778229', '123456', '花楠杰', 0, 1, '2020-06-23 12:42:25'),
(713, '92778230', '123456', '黄莉潼', 0, 1, '2020-06-23 12:42:25'),
(714, '92778231', '123456', '劳鸿彬', 0, 1, '2020-06-23 12:42:25'),
(715, '92778232', '123456', '李佩欣', 0, 1, '2020-06-23 12:42:25'),
(716, '92778233', '123456', '李源源', 0, 1, '2020-06-23 12:42:25'),
(717, '92778234', '123456', '李泽豪', 0, 1, '2020-06-23 12:42:25'),
(718, '92778235', '123456', '梁文威', 0, 1, '2020-06-23 12:42:25'),
(719, '92778236', '123456', '林恩如', 0, 1, '2020-06-23 12:42:25'),
(720, '92778237', '123456', '刘娟', 0, 1, '2020-06-23 12:42:25'),
(721, '92778238', '123456', '刘文升', 0, 1, '2020-06-23 12:42:25'),
(722, '92778239', '123456', '刘欣荣', 0, 1, '2020-06-23 12:42:25'),
(723, '92778240', '123456', '刘殷彤', 0, 1, '2020-06-23 12:42:25'),
(724, '92778241', '123456', '罗佩琳', 0, 1, '2020-06-23 12:42:25'),
(725, '92778242', '123456', '罗芷晴', 0, 1, '2020-06-23 12:42:25'),
(726, '92778243', '123456', '欧阳钰盈', 0, 1, '2020-06-23 12:42:25'),
(727, '92778244', '123456', '阮晓盈', 0, 1, '2020-06-23 12:42:25'),
(728, '92778245', '123456', '司徒莹莹', 0, 1, '2020-06-23 12:42:25'),
(729, '92778246', '123456', '苏颖琳', 0, 1, '2020-06-23 12:42:25'),
(730, '92778247', '123456', '谭箫', 0, 1, '2020-06-23 12:42:25'),
(731, '92778248', '123456', '田婧', 0, 1, '2020-06-23 12:42:25'),
(732, '92778249', '123456', '王希婷', 0, 1, '2020-06-23 12:42:25'),
(733, '92778250', '123456', '辛腾', 0, 1, '2020-06-23 12:42:25'),
(734, '92778251', '123456', '杨建博', 0, 1, '2020-06-23 12:42:25'),
(735, '92778252', '123456', '叶智钦', 0, 1, '2020-06-23 12:42:25'),
(736, '92778253', '123456', '易美彤', 0, 1, '2020-06-23 12:42:25'),
(737, '92778254', '123456', '余泽昌', 0, 1, '2020-06-23 12:42:25'),
(738, '92778255', '123456', '余子晴', 0, 1, '2020-06-23 12:42:25'),
(739, '92778256', '123456', '张敏仪', 0, 1, '2020-06-23 12:42:25'),
(740, '92778257', '123456', '钟靖悠', 0, 1, '2020-06-23 12:42:25'),
(741, '92778258', '123456', '庄小权', 0, 1, '2020-06-23 12:42:25'),
(742, '92778259', '123456', '卓越', 0, 1, '2020-06-23 12:42:25'),
(743, '92778260', '123456', '曾倩儿', 0, 1, '2020-06-23 12:42:25'),
(744, '92778261', '123456', '曾锐德', 0, 1, '2020-06-23 12:42:25'),
(745, '92778262', '123456', '陈靖', 0, 1, '2020-06-23 12:42:25'),
(746, '92778263', '123456', '崔永尚', 0, 1, '2020-06-23 12:42:25'),
(747, '92778264', '123456', '邓健俊', 0, 1, '2020-06-23 12:42:25'),
(748, '92778265', '123456', '丁珺琪', 0, 1, '2020-06-23 12:42:25'),
(749, '92778266', '123456', '付曼思', 0, 1, '2020-06-23 12:42:25'),
(750, '92778267', '123456', '高雅雯', 0, 1, '2020-06-23 12:42:25'),
(751, '92778268', '123456', '李木紫', 0, 1, '2020-06-23 12:42:25'),
(752, '92778269', '123456', '李琦琪', 0, 1, '2020-06-23 12:42:25'),
(753, '92778270', '123456', '李巧儿', 0, 1, '2020-06-23 12:42:25'),
(754, '92778271', '123456', '梁侥欣', 0, 1, '2020-06-23 12:42:25'),
(755, '92778272', '123456', '梁子慧', 0, 1, '2020-06-23 12:42:25'),
(756, '92778273', '123456', '林舒欣', 0, 1, '2020-06-23 12:42:25'),
(757, '92778274', '123456', '林炜皓', 0, 1, '2020-06-23 12:42:25'),
(758, '92778275', '123456', '林悦', 0, 1, '2020-06-23 12:42:25'),
(759, '92778276', '123456', '刘欢钰', 0, 1, '2020-06-23 12:42:25'),
(760, '92778277', '123456', '刘铭慧', 0, 1, '2020-06-23 12:42:25'),
(761, '92778278', '123456', '刘培仪', 0, 1, '2020-06-23 12:42:25'),
(762, '92778279', '123456', '刘茹婷', 0, 1, '2020-06-23 12:42:25'),
(763, '92778280', '123456', '刘展鹏', 0, 1, '2020-06-23 12:42:25'),
(764, '92778281', '123456', '罗杏怡', 0, 1, '2020-06-23 12:42:25'),
(765, '92778282', '123456', '潘俊懋', 0, 1, '2020-06-23 12:42:25'),
(766, '92778283', '123456', '钱进', 0, 1, '2020-06-23 12:42:25'),
(767, '92778284', '123456', '施钰伟', 0, 1, '2020-06-23 12:42:25'),
(768, '92778285', '123456', '王洁茹', 0, 1, '2020-06-23 12:42:25'),
(769, '92778286', '123456', '吴镓良', 0, 1, '2020-06-23 12:42:25'),
(770, '92778287', '123456', '吴梓豪', 0, 1, '2020-06-23 12:42:25'),
(771, '92778288', '123456', '肖瑶', 0, 1, '2020-06-23 12:42:25'),
(772, '92778289', '123456', '徐宇锋', 0, 1, '2020-06-23 12:42:25'),
(773, '92778290', '123456', '杨文敏', 0, 1, '2020-06-23 12:42:25'),
(774, '92778291', '123456', '叶梓洋2', 0, 1, '2020-06-23 12:42:25'),
(775, '92778292', '123456', '袁希童', 0, 1, '2020-06-23 12:42:25'),
(776, '92778293', '123456', '张迅', 0, 1, '2020-06-23 12:42:25'),
(777, '92778294', '123456', '张展图', 0, 1, '2020-06-23 12:42:25'),
(778, '92778295', '123456', '钟梓杨', 0, 1, '2020-06-23 12:42:25'),
(779, 'abc', '123456', 'fj', 0, 0, '2020-06-28 02:46:52'),
(780, 'jiaoshi', '123456', '张东升', 1, 2, '2020-08-10 07:36:30');

--
-- Indexes for dumped tables
--

--
-- Indexes for table `class_info`
--
ALTER TABLE `class_info`
  ADD PRIMARY KEY (`id`);

--
-- Indexes for table `course`
--
ALTER TABLE `course`
  ADD PRIMARY KEY (`id`);

--
-- Indexes for table `exam`
--
ALTER TABLE `exam`
  ADD PRIMARY KEY (`id`);

--
-- Indexes for table `exam_type`
--
ALTER TABLE `exam_type`
  ADD PRIMARY KEY (`id`);

--
-- Indexes for table `lesson`
--
ALTER TABLE `lesson`
  ADD PRIMARY KEY (`id`);

--
-- Indexes for table `lesson_exam`
--
ALTER TABLE `lesson_exam`
  ADD PRIMARY KEY (`id`);

--
-- Indexes for table `lesson_resource`
--
ALTER TABLE `lesson_resource`
  ADD PRIMARY KEY (`id`);

--
-- Indexes for table `modules`
--
ALTER TABLE `modules`
  ADD PRIMARY KEY (`id`);

--
-- Indexes for table `notice`
--
ALTER TABLE `notice`
  ADD PRIMARY KEY (`id`);

--
-- Indexes for table `pre_exam_proportion`
--
ALTER TABLE `pre_exam_proportion`
  ADD PRIMARY KEY (`id`);

--
-- Indexes for table `student_exam`
--
ALTER TABLE `student_exam`
  ADD PRIMARY KEY (`id`);

--
-- Indexes for table `student_info`
--
ALTER TABLE `student_info`
  ADD PRIMARY KEY (`id`);

--
-- Indexes for table `student_sign`
--
ALTER TABLE `student_sign`
  ADD PRIMARY KEY (`id`);

--
-- Indexes for table `student_study_file`
--
ALTER TABLE `student_study_file`
  ADD PRIMARY KEY (`id`);

--
-- Indexes for table `student_study_record`
--
ALTER TABLE `student_study_record`
  ADD PRIMARY KEY (`id`);

--
-- Indexes for table `teacher_class`
--
ALTER TABLE `teacher_class`
  ADD PRIMARY KEY (`id`);

--
-- Indexes for table `teacher_info`
--
ALTER TABLE `teacher_info`
  ADD PRIMARY KEY (`id`);

--
-- Indexes for table `user_info`
--
ALTER TABLE `user_info`
  ADD PRIMARY KEY (`id`);

--
-- 在导出的表使用AUTO_INCREMENT
--

--
-- 使用表AUTO_INCREMENT `class_info`
--
ALTER TABLE `class_info`
  MODIFY `id` int(3) NOT NULL AUTO_INCREMENT, AUTO_INCREMENT=126;

--
-- 使用表AUTO_INCREMENT `course`
--
ALTER TABLE `course`
  MODIFY `id` int(10) NOT NULL AUTO_INCREMENT COMMENT 'id', AUTO_INCREMENT=12;

--
-- 使用表AUTO_INCREMENT `exam`
--
ALTER TABLE `exam`
  MODIFY `id` int(11) NOT NULL AUTO_INCREMENT COMMENT '题目id', AUTO_INCREMENT=24;

--
-- 使用表AUTO_INCREMENT `exam_type`
--
ALTER TABLE `exam_type`
  MODIFY `id` int(10) NOT NULL AUTO_INCREMENT COMMENT '题目类型id', AUTO_INCREMENT=3;

--
-- 使用表AUTO_INCREMENT `lesson`
--
ALTER TABLE `lesson`
  MODIFY `id` int(10) NOT NULL AUTO_INCREMENT COMMENT '课时id', AUTO_INCREMENT=18;

--
-- 使用表AUTO_INCREMENT `lesson_exam`
--
ALTER TABLE `lesson_exam`
  MODIFY `id` int(11) NOT NULL AUTO_INCREMENT COMMENT 'id', AUTO_INCREMENT=81;

--
-- 使用表AUTO_INCREMENT `lesson_resource`
--
ALTER TABLE `lesson_resource`
  MODIFY `id` int(10) NOT NULL AUTO_INCREMENT COMMENT '课程资源id';

--
-- 使用表AUTO_INCREMENT `modules`
--
ALTER TABLE `modules`
  MODIFY `id` int(3) NOT NULL AUTO_INCREMENT, AUTO_INCREMENT=2;

--
-- 使用表AUTO_INCREMENT `notice`
--
ALTER TABLE `notice`
  MODIFY `id` int(6) NOT NULL AUTO_INCREMENT COMMENT '公告id', AUTO_INCREMENT=10;

--
-- 使用表AUTO_INCREMENT `pre_exam_proportion`
--
ALTER TABLE `pre_exam_proportion`
  MODIFY `id` int(100) NOT NULL AUTO_INCREMENT COMMENT '前测调查问卷比重设置', AUTO_INCREMENT=17;

--
-- 使用表AUTO_INCREMENT `student_exam`
--
ALTER TABLE `student_exam`
  MODIFY `id` int(20) NOT NULL AUTO_INCREMENT COMMENT '学生答卷数据表id', AUTO_INCREMENT=24;

--
-- 使用表AUTO_INCREMENT `student_sign`
--
ALTER TABLE `student_sign`
  MODIFY `id` int(11) NOT NULL AUTO_INCREMENT;

--
-- 使用表AUTO_INCREMENT `student_study_file`
--
ALTER TABLE `student_study_file`
  MODIFY `id` int(20) NOT NULL AUTO_INCREMENT COMMENT '学生学习档案记录id', AUTO_INCREMENT=20;

--
-- 使用表AUTO_INCREMENT `student_study_record`
--
ALTER TABLE `student_study_record`
  MODIFY `id` int(20) NOT NULL AUTO_INCREMENT COMMENT '学生学习档案记录id', AUTO_INCREMENT=32;

--
-- 使用表AUTO_INCREMENT `teacher_class`
--
ALTER TABLE `teacher_class`
  MODIFY `id` int(11) NOT NULL AUTO_INCREMENT, AUTO_INCREMENT=6;

--
-- 使用表AUTO_INCREMENT `user_info`
--
ALTER TABLE `user_info`
  MODIFY `id` int(6) NOT NULL AUTO_INCREMENT COMMENT 'id', AUTO_INCREMENT=781;
COMMIT;

/*!40101 SET CHARACTER_SET_CLIENT=@OLD_CHARACTER_SET_CLIENT */;
/*!40101 SET CHARACTER_SET_RESULTS=@OLD_CHARACTER_SET_RESULTS */;
/*!40101 SET COLLATION_CONNECTION=@OLD_COLLATION_CONNECTION */;
